CVE_ID,PublishTime,ModifyTime,Report,CVSSV3,AttackVector,AttackComplexity,PrivilegesRequired,UserInteraction,Scope,ConfidentialityImpact,IntegrityImpact,AvailabilityImpact
CVE-2005-0109,2005-03-05T05:00Z,2018-10-16T12:06Z,"Hyper-Threading technology, as used in FreeBSD and other operating systems that are run on Intel Pentium and other processors, allows local users to use a malicious thread to create covert channels, monitor the execution of other threads, and obtain sensitive information such as cryptographic keys, via a timing attack on memory cache misses.",5.6,LOCAL,HIGH,LOW,NONE,CHANGED,HIGH,NONE,NONE
CVE-2005-2349,2019-10-28T14:15Z,2019-11-01T14:15Z,Zoo 2.10 has Directory traversal,7.5,NETWORK,LOW,NONE,NONE,UNCHANGED,HIGH,NONE,NONE
CVE-2005-2350,2019-11-01T18:15Z,2019-11-04T21:06Z,Cross-site scripting (XSS) vulnerability in websieve v0.62 allows remote attackers to inject arbitrary web script or HTML code in the web user interface.,6.1,NETWORK,LOW,NONE,REQUIRED,CHANGED,LOW,LOW,NONE
CVE-2005-2351,2019-11-01T19:15Z,2019-11-13T15:07Z,Mutt before 1.5.20 patch 7 allows an attacker to cause a denial of service via a series of requests to mutt temporary files.,5.5,LOCAL,LOW,LOW,NONE,UNCHANGED,NONE,NONE,HIGH
CVE-2005-2352,2019-11-01T21:15Z,2019-11-06T21:44Z,I race condition in Temp files was found in gs-gpl before 8.56 addons scripts.,8.1,NETWORK,HIGH,NONE,NONE,UNCHANGED,HIGH,HIGH,HIGH
CVE-2005-2354,2019-11-05T20:15Z,2019-11-08T18:53Z,Nvu 0.99+1.0pre uses an old copy of Mozilla XPCOM which can result in multiple security issues.,9.8,NETWORK,LOW,NONE,NONE,UNCHANGED,HIGH,HIGH,HIGH
CVE-2005-3056,2019-11-01T13:15Z,2019-11-05T14:33Z,TWiki allows arbitrary shell command execution via the Include function,9.8,NETWORK,LOW,NONE,NONE,UNCHANGED,HIGH,HIGH,HIGH
CVE-2005-3590,2019-04-10T20:29Z,2019-04-11T18:29Z,"The getgrouplist function in the GNU C library (glibc) before version 2.3.5, when invoked with a zero argument, writes to the passed pointer even if the specified array size is zero, leading to a buffer overflow and potentially allowing attackers to corrupt memory.",9.8,NETWORK,LOW,NONE,NONE,UNCHANGED,HIGH,HIGH,HIGH
CVE-2005-4890,2019-11-04T19:15Z,2020-08-18T15:05Z,"There is a possible tty hijacking in shadow 4.x before 4.1.5 and sudo 1.x before 1.7.4 via ""su - user -c program"". The user session can be escaped to the parent session by using the TIOCSTI ioctl to push characters into the input buffer to be read by the next process.",7.8,LOCAL,LOW,LOW,NONE,UNCHANGED,HIGH,HIGH,HIGH
CVE-2005-4891,2020-01-15T17:15Z,2020-01-21T17:18Z,Simple Machine Forum (SMF) versions 1.0.4 and earlier have an SQL injection vulnerability that allows remote attackers to inject arbitrary SQL statements.,9.8,NETWORK,LOW,NONE,NONE,UNCHANGED,HIGH,HIGH,HIGH
CVE-2005-4900,2016-10-14T16:59Z,2020-12-09T09:15Z,"SHA-1 is not collision resistant, which makes it easier for context-dependent attackers to conduct spoofing attacks, as demonstrated by attacks on the use of SHA-1 in TLS 1.2.  NOTE: this CVE exists to provide a common identifier for referencing this SHA-1 issue; the existence of an identifier is not, by itself, a technology recommendation.",5.9,NETWORK,HIGH,NONE,NONE,UNCHANGED,HIGH,NONE,NONE
