CVE_ID,PublishTime,ModifyTime,Report,CVSSV3,AttackVector,AttackComplexity,PrivilegesRequired,UserInteraction,Scope,ConfidentialityImpact,IntegrityImpact,AvailabilityImpact
CVE-2012-0038,2012-05-17T11:00Z,2020-07-29T15:24Z,"Integer overflow in the xfs_acl_from_disk function in fs/xfs/xfs_acl.c in the Linux kernel before 3.1.9 allows local users to cause a denial of service (panic) via a filesystem with a malformed ACL, leading to a heap-based buffer overflow.",5.5,LOCAL,LOW,LOW,NONE,UNCHANGED,NONE,NONE,HIGH
CVE-2012-0044,2012-05-17T11:00Z,2020-07-29T15:27Z,Integer overflow in the drm_mode_dirtyfb_ioctl function in drivers/gpu/drm/drm_crtc.c in the Direct Rendering Manager (DRM) subsystem in the Linux kernel before 3.1.5 allows local users to gain privileges or cause a denial of service (memory corruption) via a crafted ioctl call.,7.8,LOCAL,LOW,LOW,NONE,UNCHANGED,HIGH,HIGH,HIGH
CVE-2012-0046,2019-10-29T19:15Z,2019-10-31T01:39Z,mediawiki allows deleted text to be exposed,7.5,NETWORK,LOW,NONE,NONE,UNCHANGED,HIGH,NONE,NONE
CVE-2012-0049,2019-11-07T18:15Z,2019-11-09T22:15Z,OpenTTD before 1.1.5 contains a Denial of Service (slow read attack) that prevents users from joining the server.,4.3,NETWORK,LOW,LOW,NONE,UNCHANGED,NONE,NONE,LOW
CVE-2012-0051,2019-11-07T18:15Z,2019-11-12T16:44Z,Tahoe-LAFS 1.9.0 fails to ensure integrity which allows remote attackers to corrupt mutable files or directories upon retrieval.,7.4,NETWORK,HIGH,NONE,NONE,UNCHANGED,HIGH,HIGH,NONE
CVE-2012-0055,2020-02-19T18:15Z,2020-02-28T14:33Z,"OverlayFS in the Linux kernel before 3.0.0-16.28, as used in Ubuntu 10.0.4 LTS and 11.10, is missing inode security checks which could allow attackers to bypass security restrictions and perform unauthorized actions.",7.8,LOCAL,LOW,LOW,NONE,UNCHANGED,HIGH,HIGH,HIGH
CVE-2012-0058,2012-05-17T11:00Z,2020-07-29T16:56Z,The kiocb_batch_free function in fs/aio.c in the Linux kernel before 3.2.2 allows local users to cause a denial of service (OOPS) via vectors that trigger incorrect iocb management.,5.5,LOCAL,LOW,LOW,NONE,UNCHANGED,NONE,NONE,HIGH
CVE-2012-0063,2020-02-21T16:15Z,2020-02-26T14:49Z,Insecure plugin update mechanism in tucan through 0.3.10 could allow remote attackers to perform man-in-the-middle attacks and execute arbitrary code ith the permissions of the user running tucan.,8.1,NETWORK,HIGH,NONE,NONE,UNCHANGED,HIGH,HIGH,HIGH
CVE-2012-0070,2020-01-15T14:15Z,2020-01-23T17:25Z,spamdyke prior to 4.2.1: STARTTLS reveals plaintext,7.5,NETWORK,LOW,NONE,NONE,UNCHANGED,NONE,HIGH,NONE
CVE-2012-0207,2012-05-17T11:00Z,2020-07-30T19:39Z,The igmp_heard_query function in net/ipv4/igmp.c in the Linux kernel before 3.2.1 allows remote attackers to cause a denial of service (divide-by-zero error and panic) via IGMP packets.,7.5,NETWORK,LOW,NONE,NONE,UNCHANGED,NONE,NONE,HIGH
CVE-2012-0247,2012-06-05T22:55Z,2020-07-31T18:39Z,ImageMagick 6.7.5-7 and earlier allows remote attackers to cause a denial of service (memory corruption) and possibly execute arbitrary code via crafted offset and count values in the ResolutionUnit tag in the EXIF IFD0 of an image.,8.8,NETWORK,LOW,NONE,REQUIRED,UNCHANGED,HIGH,HIGH,HIGH
CVE-2012-0248,2012-06-05T22:55Z,2020-07-31T18:39Z,ImageMagick 6.7.5-7 and earlier allows remote attackers to cause a denial of service (infinite loop and hang) via a crafted image whose IFD contains IOP tags that all reference the beginning of the IDF.,5.5,LOCAL,LOW,NONE,REQUIRED,UNCHANGED,NONE,NONE,HIGH
CVE-2012-0259,2012-06-05T22:55Z,2020-07-31T18:42Z,"The GetEXIFProperty function in magick/property.c in ImageMagick before 6.7.6-3 allows remote attackers to cause a denial of service (crash) via a zero value in the component count of an EXIF XResolution tag in a JPEG file, which triggers an out-of-bounds read.",6.5,NETWORK,LOW,NONE,REQUIRED,UNCHANGED,NONE,NONE,HIGH
CVE-2012-0260,2012-06-05T22:55Z,2020-07-31T18:42Z,The JPEGWarningHandler function in coders/jpeg.c in ImageMagick before 6.7.6-3 allows remote attackers to cause a denial of service (memory consumption) via a JPEG image with a crafted sequence of restart markers.,6.5,NETWORK,LOW,NONE,REQUIRED,UNCHANGED,NONE,NONE,HIGH
CVE-2012-0334,2020-01-15T13:15Z,2020-01-23T17:13Z,Cisco IronPort Web Security Appliance AsyncOS software prior to 7.5 has a SSL Certificate Caching vulnerability which could allow man-in-the-middle attacks,6.4,ADJACENT_NETWORK,HIGH,NONE,REQUIRED,UNCHANGED,HIGH,HIGH,NONE
CVE-2012-0381,2012-03-29T11:01Z,2020-07-29T16:00Z,"The IKEv1 implementation in Cisco IOS 12.2 through 12.4 and 15.0 through 15.2 and IOS XE 2.1.x through 2.6.x and 3.1.xS through 3.4.xS before 3.4.2S, 3.5.xS before 3.5.1S, and 3.2.xSG before 3.2.2SG allows remote attackers to cause a denial of service (device reload) by sending IKE UDP packets over (1) IPv4 or (2) IPv6, aka Bug ID CSCts38429.",7.5,NETWORK,LOW,NONE,NONE,UNCHANGED,NONE,NONE,HIGH
CVE-2012-0382,2012-03-29T11:01Z,2020-07-30T19:39Z,"The Multicast Source Discovery Protocol (MSDP) implementation in Cisco IOS 12.0, 12.2 through 12.4, and 15.0 through 15.2 and IOS XE 2.1.x through 2.6.x and 3.1.xS through 3.4.xS before 3.4.1S and 3.1.xSG and 3.2.xSG before 3.2.2SG allows remote attackers to cause a denial of service (device reload) via encapsulated IGMP data in an MSDP packet, aka Bug ID CSCtr28857.",7.5,NETWORK,LOW,NONE,NONE,UNCHANGED,NONE,NONE,HIGH
CVE-2012-0384,2012-03-29T11:01Z,2019-09-27T18:06Z,"Cisco IOS 12.2 through 12.4 and 15.0 through 15.2 and IOS XE 2.1.x through 2.6.x and 3.1.xS before 3.1.2S, 3.2.xS through 3.4.xS before 3.4.2S, 3.5.xS before 3.5.1S, and 3.1.xSG and 3.2.xSG before 3.2.2SG, when AAA authorization is enabled, allow remote authenticated users to bypass intended access restrictions and execute commands via a (1) HTTP or (2) HTTPS session, aka Bug ID CSCtr91106.",7.2,NETWORK,LOW,HIGH,NONE,UNCHANGED,HIGH,HIGH,HIGH
CVE-2012-0433,2018-06-08T17:29Z,2019-10-09T23:04Z,"The install-chef-suse.sh script shipped with crowbar before 2012-10-02 is creating files containing confidential data with insecure permissions, allowing local users to read confidential data.",5.5,LOCAL,LOW,LOW,NONE,UNCHANGED,HIGH,NONE,NONE
CVE-2012-0694,2019-10-29T21:15Z,2019-11-01T18:32Z,"SugarCRM CE <= 6.3.1 contains scripts that use ""unserialize()"" with user controlled input which allows remote attackers to execute arbitrary PHP code.",9.8,NETWORK,LOW,NONE,NONE,UNCHANGED,HIGH,HIGH,HIGH
CVE-2012-0699,2018-01-11T20:29Z,2018-01-31T14:31Z,Multiple cross-site request forgery (CSRF) vulnerabilities in Family Connections CMS (aka FCMS) 2.9 and earlier allow remote attackers to hijack the authentication of arbitrary users for requests that (1) add news via an add action to familynews.php or (2) add a prayer via an add action to prayers.php.,8.8,NETWORK,LOW,NONE,REQUIRED,UNCHANGED,HIGH,HIGH,HIGH
CVE-2012-0718,2020-02-18T18:15Z,2020-03-04T17:52Z,IBM Tivoli Endpoint Manager 8 does not set the HttpOnly flag on cookies.,5.4,NETWORK,LOW,NONE,REQUIRED,UNCHANGED,LOW,LOW,NONE
CVE-2012-0771,2018-02-19T19:29Z,2018-03-18T14:21Z,"Adobe Shockwave Player before 11.6.4.634 allows attackers to execute arbitrary code or cause a denial of service (memory corruption) via unspecified vectors, a different vulnerability than CVE-2012-0759.",8.8,NETWORK,LOW,NONE,REQUIRED,UNCHANGED,HIGH,HIGH,HIGH
CVE-2012-0785,2020-02-24T17:15Z,2020-03-04T17:31Z,"Hash collision attack vulnerability in Jenkins before 1.447, Jenkins LTS before 1.424.2, and Jenkins Enterprise by CloudBees 1.424.x before 1.424.2.1 and 1.400.x before 1.400.0.11 could allow remote attackers to cause a considerable CPU load, aka ""the Hash DoS attack.""",7.5,NETWORK,LOW,NONE,NONE,UNCHANGED,NONE,NONE,HIGH
CVE-2012-0803,2017-08-08T21:29Z,2021-06-16T12:15Z,The WS-SP UsernameToken policy in Apache CXF 2.4.5 and 2.5.1 allows remote attackers to bypass authentication by sending an empty UsernameToken as part of a SOAP request.,9.8,NETWORK,LOW,NONE,NONE,UNCHANGED,HIGH,HIGH,HIGH
CVE-2012-0810,2020-02-12T14:15Z,2020-02-14T18:56Z,"The int3 handler in the Linux kernel before 3.3 relies on a per-CPU debug stack, which allows local users to cause a denial of service (stack corruption and panic) via a crafted application that triggers certain lock contention.",5.5,LOCAL,LOW,LOW,NONE,UNCHANGED,NONE,NONE,HIGH
CVE-2012-0812,2019-11-22T17:15Z,2020-08-18T15:05Z,PostfixAdmin 2.3.4 has multiple XSS vulnerabilities,6.1,NETWORK,LOW,NONE,REQUIRED,CHANGED,LOW,LOW,NONE
CVE-2012-0824,2019-11-19T16:15Z,2019-12-04T19:15Z,gnusound 0.7.5 has format string issue,9.8,NETWORK,LOW,NONE,NONE,UNCHANGED,HIGH,HIGH,HIGH
CVE-2012-0828,2020-02-21T18:15Z,2020-03-05T15:00Z,Heap-based buffer overflow in Xchat-WDK before 1499-4 (2012-01-18) xchat 2.8.6 on Maemo architecture could allow remote attackers to cause a denial of service (xchat client crash) or execute arbitrary code via a UTF-8 line from server containing characters outside of the Basic Multilingual Plane (BMP).,9.8,NETWORK,LOW,NONE,NONE,UNCHANGED,HIGH,HIGH,HIGH
CVE-2012-0842,2019-11-19T15:15Z,2020-08-18T15:05Z,surf: cookie jar has read access from other local user,5.5,LOCAL,LOW,LOW,NONE,UNCHANGED,HIGH,NONE,NONE
CVE-2012-0843,2019-11-19T16:15Z,2019-11-22T15:18Z,uzbl: Information disclosure via world-readable cookies storage file,5.5,LOCAL,LOW,LOW,NONE,UNCHANGED,HIGH,NONE,NONE
CVE-2012-0844,2020-02-21T18:15Z,2020-02-24T20:05Z,Information-disclosure vulnerability in Netsurf through 2.8 due to a world-readable cookie jar.,5.5,LOCAL,LOW,LOW,NONE,UNCHANGED,HIGH,NONE,NONE
CVE-2012-0877,2019-11-22T17:15Z,2019-12-03T14:35Z,PyXML: Hash table collisions CPU usage Denial of Service,7.5,NETWORK,LOW,NONE,NONE,UNCHANGED,NONE,NONE,HIGH
CVE-2012-0879,2012-05-17T11:00Z,2020-07-31T10:10Z,"The I/O implementation for block devices in the Linux kernel before 2.6.33 does not properly handle the CLONE_IO feature, which allows local users to cause a denial of service (I/O instability) by starting multiple processes that share an I/O context.",5.5,LOCAL,LOW,LOW,NONE,UNCHANGED,NONE,NONE,HIGH
CVE-2012-0880,2017-08-08T21:29Z,2017-08-18T11:56Z,Apache Xerces-C++ allows remote attackers to cause a denial of service (CPU consumption) via a crafted message sent to an XML service that causes hash table collisions.,7.5,NETWORK,LOW,NONE,NONE,UNCHANGED,NONE,NONE,HIGH
CVE-2012-0881,2017-10-30T16:29Z,2021-09-28T20:15Z,"Apache Xerces2 Java Parser before 2.12.0 allows remote attackers to cause a denial of service (CPU consumption) via a crafted message to an XML service, which triggers hash table collisions.",7.5,NETWORK,LOW,NONE,NONE,UNCHANGED,NONE,NONE,HIGH
CVE-2012-0929,2012-01-28T01:55Z,2020-07-23T17:42Z,Multiple buffer overflows in Schneider Electric Modicon Quantum PLC allow remote attackers to cause a denial of service via malformed requests to the (1) FTP server or (2) HTTP server.,7.5,NETWORK,LOW,NONE,NONE,UNCHANGED,NONE,NONE,HIGH
CVE-2012-0930,2012-01-28T01:55Z,2020-07-23T17:27Z,Cross-site scripting (XSS) vulnerability in Schneider Electric Modicon Quantum PLC allows remote attackers to inject arbitrary web script or HTML via unspecified vectors.,6.1,NETWORK,LOW,NONE,REQUIRED,CHANGED,LOW,LOW,NONE
CVE-2012-0931,2012-01-28T01:55Z,2020-07-23T17:54Z,"Schneider Electric Modicon Quantum PLC does not perform authentication between the Unity software and PLC, which allows remote attackers to cause a denial of service or possibly execute arbitrary code via unspecified vectors.",9.8,NETWORK,LOW,NONE,NONE,UNCHANGED,HIGH,HIGH,HIGH
CVE-2012-0941,2018-02-08T23:29Z,2018-02-27T19:44Z,"Multiple cross-site scripting (XSS) vulnerabilities in Fortinet FortiGate UTM WAF appliances with FortiOS 4.3.x before 4.3.6 allow remote attackers to inject arbitrary web script or HTML via vectors involving the (1) Endpoint Monitor, (2) Dialup List, or (3) Log&Report Display modules, or the fields_sorted_opt parameter to (4) user/auth/list or (5) endpointcompliance/app_detect/predefined_sig_list.",6.1,NETWORK,LOW,NONE,REQUIRED,CHANGED,LOW,LOW,NONE
CVE-2012-0945,2020-01-15T13:15Z,2020-01-22T19:05Z,whoopsie-daisy before 0.1.26: Root user can remove arbitrary files,4.9,NETWORK,LOW,HIGH,NONE,UNCHANGED,NONE,HIGH,NONE
CVE-2012-0951,2020-02-12T17:15Z,2020-02-19T21:37Z,A Memory Corruption Vulnerability exists in NVIDIA Graphics Drivers 29549 due to an unknown function in the file proc/driver/nvidia/registry.,7.8,LOCAL,LOW,LOW,NONE,UNCHANGED,HIGH,HIGH,HIGH
CVE-2012-0952,2020-05-08T01:15Z,2020-05-18T17:50Z,"A heap buffer overflow was discovered in the device control ioctl in the Linux driver for Nvidia graphics cards, which may allow an attacker to overflow 49 bytes. This issue was fixed in version 295.53.",5.0,LOCAL,HIGH,HIGH,NONE,CHANGED,LOW,LOW,LOW
CVE-2012-0953,2020-05-08T01:15Z,2020-05-18T19:29Z,A race condition was discovered in the Linux drivers for Nvidia graphics which allowed an attacker to exfiltrate kernel memory to userspace. This issue was fixed in version 295.53.,5.0,LOCAL,HIGH,HIGH,NONE,CHANGED,LOW,LOW,LOW
CVE-2012-0955,2020-12-02T01:15Z,2020-12-08T02:12Z,software-properties was vulnerable to a person-in-the-middle attack due to incorrect TLS certificate validation in softwareproperties/ppa.py. software-properties didn't check TLS certificates under python2 and only checked certificates under python3 if a valid certificate bundle was provided. Fixed in software-properties version 0.92.,7.4,NETWORK,HIGH,NONE,NONE,UNCHANGED,HIGH,HIGH,NONE
CVE-2012-10001,2021-01-06T15:15Z,2021-01-08T20:19Z,"The Limit Login Attempts plugin before 1.7.1 for WordPress does not clear auth cookies upon a lockout, which might make it easier for remote attackers to conduct brute-force authentication attempts.",9.8,NETWORK,LOW,NONE,NONE,UNCHANGED,HIGH,HIGH,HIGH
CVE-2012-1001,2019-11-21T22:15Z,2019-12-04T15:36Z,Multiple cross-site scripting (XSS) vulnerabilities in Chyrp before 2.1.2 and before 2.5 Beta 2 allow remote attackers to inject arbitrary web script or HTML via the (1) content parameter to includes/ajax.php or (2) body parameter to includes/error.php.,6.1,NETWORK,LOW,NONE,REQUIRED,CHANGED,LOW,LOW,NONE
CVE-2012-1090,2012-05-17T11:00Z,2021-07-15T19:16Z,"The cifs_lookup function in fs/cifs/dir.c in the Linux kernel before 3.2.10 allows local users to cause a denial of service (OOPS) via attempted access to a special file, as demonstrated by a FIFO.",5.5,LOCAL,LOW,LOW,NONE,UNCHANGED,NONE,NONE,HIGH
CVE-2012-1093,2020-02-21T19:15Z,2021-02-25T17:15Z,The init script in the Debian x11-common package before 1:7.6+12 is vulnerable to a symlink attack that can lead to a privilege escalation during package installation.,7.8,LOCAL,LOW,LOW,NONE,UNCHANGED,HIGH,HIGH,HIGH
CVE-2012-1094,2020-03-10T17:15Z,2020-03-10T20:57Z,"JBoss AS 7 prior to 7.1.1 and mod_cluster do not handle default hostname in the same way, which can cause the excluded-contexts list to be mismatched and the root context to be exposed.",7.5,NETWORK,LOW,NONE,NONE,UNCHANGED,HIGH,NONE,NONE
CVE-2012-1096,2020-03-10T17:15Z,2020-03-10T19:45Z,NetworkManager 0.9 and earlier allows local users to use other users' certificates or private keys when making a connection via the file path when adding a new connection.,5.5,LOCAL,LOW,LOW,NONE,UNCHANGED,HIGH,NONE,NONE
CVE-2012-1097,2012-05-17T11:00Z,2021-07-15T19:16Z,"The regset (aka register set) feature in the Linux kernel before 3.2.10 does not properly handle the absence of .get and .set methods, which allows local users to cause a denial of service (NULL pointer dereference) or possibly have unspecified other impact via a (1) PTRACE_GETREGSET or (2) PTRACE_SETREGSET ptrace call.",7.8,LOCAL,LOW,LOW,NONE,UNCHANGED,HIGH,HIGH,HIGH
CVE-2012-1101,2020-03-11T15:15Z,2020-03-17T14:44Z,"systemd 37-1 does not properly handle non-existent services, which causes a denial of service (failure of login procedure).",5.5,LOCAL,LOW,LOW,NONE,UNCHANGED,NONE,NONE,HIGH
CVE-2012-1102,2021-07-09T11:15Z,2021-07-13T15:21Z,"It was discovered that the XML::Atom Perl module before version 0.39 did not disable external entities when parsing XML from potentially untrusted sources. This may allow attackers to gain read access to otherwise protected resources, depending on how the library is used.",7.5,NETWORK,LOW,NONE,NONE,UNCHANGED,HIGH,NONE,NONE
CVE-2012-1104,2019-12-05T18:15Z,2019-12-30T12:59Z,A Security Bypass vulnerability exists in the phpCAS 1.2.2 library from the jasig project due to the way proxying of services are managed.,5.3,NETWORK,LOW,NONE,NONE,UNCHANGED,NONE,LOW,NONE
CVE-2012-1105,2019-12-05T19:15Z,2019-12-17T21:27Z,An Information Disclosure vulnerability exists in the Jasig Project php-pear-CAS 1.2.2 package in the /tmp directory. The Central Authentication Service client library archives the debug logging file in an insecure manner.,5.5,LOCAL,LOW,LOW,NONE,UNCHANGED,HIGH,NONE,NONE
CVE-2012-1109,2019-11-12T15:15Z,2019-11-14T18:32Z,mwlib 0.13 through 0.13.4 has a denial of service vulnerability when parsing #iferror magic functions,7.5,NETWORK,LOW,NONE,NONE,UNCHANGED,NONE,NONE,HIGH
CVE-2012-1114,2019-12-05T21:15Z,2019-12-12T19:02Z,A Cross-Site Scripting (XSS) vulnerability exists in LDAP Account Manager (LAM) Pro 3.6 in the filter parameter to cmd.php in an export and exporter_id action. and the filteruid parameter to list.php.,6.1,NETWORK,LOW,NONE,REQUIRED,CHANGED,LOW,LOW,NONE
CVE-2012-1115,2019-12-05T21:15Z,2019-12-09T20:20Z,"A Cross-Site Scripting (XSS) vulnerability exists in LDAP Account Manager (LAM) Pro 3.6 in the export, add_value_form, and dn parameters to cmd.php.",6.1,NETWORK,LOW,NONE,REQUIRED,CHANGED,LOW,LOW,NONE
CVE-2012-1124,2020-02-11T20:15Z,2020-02-13T13:24Z,SQL injection vulnerability in search.php in phxEventManager 2.0 beta 5 allows remote attackers to execute arbitrary SQL commands via the search_terms parameter.,9.8,NETWORK,LOW,NONE,NONE,UNCHANGED,HIGH,HIGH,HIGH
CVE-2012-1146,2012-05-17T11:00Z,2020-07-27T22:45Z,"The mem_cgroup_usage_unregister_event function in mm/memcontrol.c in the Linux kernel before 3.2.10 does not properly handle multiple events that are attached to the same eventfd, which allows local users to cause a denial of service (NULL pointer dereference and system crash) or possibly have unspecified other impact by registering memory threshold events.",5.5,LOCAL,LOW,LOW,NONE,UNCHANGED,NONE,NONE,HIGH
CVE-2012-1155,2019-11-14T16:15Z,2019-11-22T18:44Z,Moodle has a database activity export permission issue where the export function of the database activity module exports all entries even those from groups the user does not belong to,7.5,NETWORK,LOW,NONE,NONE,UNCHANGED,HIGH,NONE,NONE
CVE-2012-1156,2019-11-14T16:15Z,2019-11-22T18:41Z,Moodle before 2.2.2 has users' private files included in course backups,7.5,NETWORK,LOW,NONE,NONE,UNCHANGED,HIGH,NONE,NONE
CVE-2012-1157,2019-11-14T17:15Z,2019-11-18T15:14Z,Moodle before 2.2.2 has a default repository capabilities issue where all repositories are viewable by all users by default,4.3,NETWORK,LOW,LOW,NONE,UNCHANGED,LOW,NONE,NONE
CVE-2012-1158,2019-11-14T17:15Z,2019-11-18T15:16Z,Moodle before 2.2.2 has a course information leak in gradebook where users are able to see hidden grade items in export,4.3,NETWORK,LOW,LOW,NONE,UNCHANGED,LOW,NONE,NONE
CVE-2012-1159,2019-11-14T17:15Z,2019-11-15T15:55Z,Moodle before 2.2.2: Overview report allows users to see hidden courses,4.3,NETWORK,LOW,LOW,NONE,UNCHANGED,LOW,NONE,NONE
CVE-2012-1160,2019-11-14T17:15Z,2019-11-18T15:13Z,Moodle before 2.2.2 has a permission issue in Forum Subscriptions where unenrolled users can subscribe/unsubscribe via mod/forum/index.php,2.7,NETWORK,LOW,HIGH,NONE,UNCHANGED,NONE,LOW,NONE
CVE-2012-1161,2019-11-14T17:15Z,2019-11-15T15:51Z,Moodle before 2.2.2: Course information leak via hidden courses being displayed in tag search results,4.3,NETWORK,LOW,LOW,NONE,UNCHANGED,LOW,NONE,NONE
CVE-2012-1168,2019-11-14T16:15Z,2019-11-22T18:32Z,Moodle before 2.2.2 has a password and web services issue where when the user profile is updated the user password is reset if not specified.,8.2,NETWORK,LOW,NONE,NONE,UNCHANGED,NONE,HIGH,LOW
CVE-2012-1169,2019-11-14T17:15Z,2019-11-18T14:46Z,"Moodle before 2.2.2 has Personal information disclosure, when administrative setting users name display is set to first name only full names are shown in page breadcrumbs.",5.3,NETWORK,LOW,NONE,NONE,UNCHANGED,LOW,NONE,NONE
CVE-2012-1170,2019-11-14T17:15Z,2019-11-15T15:48Z,Moodle before 2.2.2 has an external enrolment plugin context check issue where capability checks are not thorough,7.5,NETWORK,LOW,NONE,NONE,UNCHANGED,NONE,HIGH,NONE
CVE-2012-1185,2012-06-05T22:55Z,2020-07-31T18:39Z,Multiple integer overflows in (1) magick/profile.c or (2) magick/property.c in ImageMagick 6.7.5 and earlier allow remote attackers to cause a denial of service (memory corruption) and possibly execute arbitrary code via crafted offset value in the ResolutionUnit tag in the EXIF IFD0 of an image.  NOTE: this vulnerability exists because of an incomplete fix for CVE-2012-0247.,7.8,LOCAL,LOW,NONE,REQUIRED,UNCHANGED,HIGH,HIGH,HIGH
CVE-2012-1186,2012-06-05T22:55Z,2020-07-31T18:40Z,Integer overflow in the SyncImageProfiles function in profile.c in ImageMagick 6.7.5-8 and earlier allows remote attackers to cause a denial of service (infinite loop) via crafted IOP tag offsets in the IFD in an image.  NOTE: this vulnerability exists because of an incomplete fix for CVE-2012-0248.,5.5,LOCAL,LOW,NONE,REQUIRED,UNCHANGED,NONE,NONE,HIGH
CVE-2012-1187,2019-10-29T19:15Z,2019-10-31T01:27Z,Bitlbee does not drop extra group privileges correctly in unix.c,9.8,NETWORK,LOW,NONE,NONE,UNCHANGED,HIGH,HIGH,HIGH
CVE-2012-1257,2019-11-20T20:15Z,2019-11-21T15:05Z,"Pidgin 2.10.0 uses DBUS for certain cleartext communication, which allows local users to obtain sensitive information via a dbus session monitor.",5.5,LOCAL,LOW,LOW,NONE,UNCHANGED,HIGH,NONE,NONE
CVE-2012-1258,2020-01-09T20:15Z,2020-01-22T16:27Z,"cgi-bin/userprefs.cgi in Plixer International Scrutinizer NetFlow & sFlow Analyzer before 9.0.1.19899 does not validate user permissions, which allow remote attackers to add user accounts with administrator privileges via the newuser, pwd, and selectedUserGroup parameters.",6.5,NETWORK,LOW,LOW,NONE,UNCHANGED,NONE,HIGH,NONE
CVE-2012-1259,2020-01-09T20:15Z,2020-01-24T19:19Z,"Multiple SQL injection vulnerabilities in Plixer International Scrutinizer NetFlow & sFlow Analyzer 8.6.2.16204, and possibly other versions before 9.0.1.19899, allow remote attackers to execute arbitrary SQL commands via the (1) addip parameter to cgi-bin/scrut_fa_exclusions.cgi, (2) getPermissionsAndPreferences parameter to cgi-bin/login.cgi, or (3) possibly certain parameters to d4d/alarms.php as demonstrated by the search_str parameter.",9.8,NETWORK,LOW,NONE,NONE,UNCHANGED,HIGH,HIGH,HIGH
CVE-2012-1260,2020-01-09T20:15Z,2020-01-22T16:28Z,"Cross-site scripting (XSS) vulnerability in cgi-bin/userprefs.cgi in Plixer International Scrutinizer NetFlow & sFlow Analyzer 8.6.2.16204, and possibly other versions before 9.0.1.19899, allows remote attackers to inject arbitrary web script or HTML via the newUser parameter. NOTE: this might not be a vulnerability, since an administrator might already have the privileges to create arbitrary script.",6.1,NETWORK,LOW,NONE,REQUIRED,CHANGED,LOW,LOW,NONE
CVE-2012-1261,2020-01-09T20:15Z,2020-01-14T16:16Z,Cross-site scripting (XSS) vulnerability in cgi-bin/scrut_fa_exclusions.cgi in Plixer International Scrutinizer NetFlow and sFlow Analyzer 8.6.2.16204 and other versions before 9.0.1.19899 allows remote attackers to inject arbitrary web script or HTML via the standalone parameter.,6.1,NETWORK,LOW,NONE,REQUIRED,CHANGED,LOW,LOW,NONE
CVE-2012-1301,2017-04-13T17:59Z,2020-06-11T12:45Z,"The FeedProxy.aspx script in Umbraco 4.7.0 allows remote attackers to proxy requests on their behalf via the ""url"" parameter.",9.8,NETWORK,LOW,NONE,NONE,UNCHANGED,HIGH,HIGH,HIGH
CVE-2012-1316,2020-01-15T14:15Z,2020-01-23T03:24Z,Cisco IronPort Web Security Appliance does not check for certificate revocation which could lead to MITM attacks,5.9,NETWORK,HIGH,NONE,NONE,UNCHANGED,NONE,HIGH,NONE
CVE-2012-1326,2020-01-15T14:15Z,2020-01-23T03:27Z,Cisco IronPort Web Security Appliance up to and including 7.5 does not validate the basic constraints of the certificate authority which could lead to MITM attacks,7.4,NETWORK,HIGH,NONE,NONE,UNCHANGED,HIGH,HIGH,NONE
CVE-2012-1342,2012-08-06T17:55Z,2020-03-24T18:19Z,"Cisco Carrier Routing System (CRS) 3.9, 4.0, and 4.1 allows remote attackers to bypass ACL entries via fragmented packets, aka Bug ID CSCtj10975.",5.8,NETWORK,LOW,NONE,NONE,CHANGED,NONE,LOW,NONE
CVE-2012-1495,2020-01-27T15:15Z,2020-01-29T20:36Z,install/index.php in WebCalendar before 1.2.5 allows remote attackers to execute arbitrary code via the form_single_user_login parameter.,9.8,NETWORK,LOW,NONE,NONE,UNCHANGED,HIGH,HIGH,HIGH
CVE-2012-1496,2020-01-27T15:15Z,2020-01-29T17:53Z,Local file inclusion in WebCalendar before 1.2.5.,8.8,NETWORK,LOW,LOW,NONE,UNCHANGED,HIGH,HIGH,HIGH
CVE-2012-1500,2020-02-13T17:15Z,2020-02-24T22:45Z,Stored XSS vulnerability in UpdateFieldJson.jspa in JIRA 4.4.3 and GreenHopper before 5.9.8 allows an attacker to inject arbitrary script code.,5.4,NETWORK,LOW,LOW,REQUIRED,CHANGED,LOW,LOW,NONE
CVE-2012-1516,2012-05-04T16:55Z,2019-09-27T18:13Z,"The VMX process in VMware ESXi 3.5 through 4.1 and ESX 3.5 through 4.1 does not properly handle RPC commands, which allows guest OS users to cause a denial of service (memory overwrite and process crash) or possibly execute arbitrary code on the host OS via vectors involving data pointers.",9.9,NETWORK,LOW,LOW,NONE,CHANGED,HIGH,HIGH,HIGH
CVE-2012-1562,2020-01-15T13:15Z,2020-01-22T18:48Z,Joomla! core before 2.5.3 allows unauthorized password change.,7.5,NETWORK,LOW,NONE,NONE,UNCHANGED,NONE,HIGH,NONE
CVE-2012-1563,2020-01-15T13:15Z,2020-01-22T18:58Z,Joomla! before 2.5.3 allows Admin Account Creation.,7.5,NETWORK,LOW,NONE,NONE,UNCHANGED,NONE,HIGH,NONE
CVE-2012-1566,2020-02-07T14:15Z,2020-02-12T14:34Z,LinuxMint as of 2012-03-19 has temporary file creation vulnerabilities in mintNanny.,7.5,NETWORK,LOW,NONE,NONE,UNCHANGED,NONE,HIGH,NONE
CVE-2012-1567,2020-02-07T14:15Z,2020-02-12T14:36Z,LinuxMint as of 2012-03-19 has temporary file creation vulnerabilities in mintUpdate.,7.5,NETWORK,LOW,NONE,NONE,UNCHANGED,NONE,HIGH,NONE
CVE-2012-1572,2019-11-12T17:15Z,2020-08-18T15:05Z,OpenStack Keystone: extremely long passwords can crash Keystone by exhausting stack space,7.5,NETWORK,LOW,NONE,NONE,UNCHANGED,NONE,NONE,HIGH
CVE-2012-1577,2019-12-10T19:15Z,2019-12-17T18:38Z,lib/libc/stdlib/random.c in OpenBSD returns 0 when seeded with 0.,9.8,NETWORK,LOW,NONE,NONE,UNCHANGED,HIGH,HIGH,HIGH
CVE-2012-1592,2019-12-05T21:15Z,2020-09-04T02:15Z,"A local code execution issue exists in Apache Struts2 when processing malformed XSLT files, which could let a malicious user upload and execute arbitrary files.",8.8,NETWORK,LOW,LOW,NONE,UNCHANGED,HIGH,HIGH,HIGH
CVE-2012-1610,2012-06-05T22:55Z,2020-08-14T18:47Z,Integer overflow in the GetEXIFProperty function in magick/property.c in ImageMagick before 6.7.6-4 allows remote attackers to cause a denial of service (out-of-bounds read) via a large component count for certain EXIF tags in a JPEG image.  NOTE: this vulnerability exists because of an incomplete fix for CVE-2012-0259.,7.5,NETWORK,LOW,NONE,NONE,UNCHANGED,NONE,NONE,HIGH
CVE-2012-1615,2019-12-06T16:15Z,2019-12-16T16:29Z,A Privilege Escalation vulnerability exits in Fedoraproject Sectool due to an incorrect DBus file.,7.8,LOCAL,LOW,LOW,NONE,UNCHANGED,HIGH,HIGH,HIGH
CVE-2012-1622,2017-10-26T20:29Z,2017-11-14T18:35Z,Apache OFBiz 10.04.x before 10.04.02 allows remote attackers to execute arbitrary code via unspecified vectors.,9.8,NETWORK,LOW,NONE,NONE,UNCHANGED,HIGH,HIGH,HIGH
CVE-2012-1637,2019-11-21T23:15Z,2019-12-11T18:58Z,"Cross-site scripting vulnerability (XSS) in the Quick Tabs module 6.x-2.x before 6.x-2.1, 6.x-3.x before 6.x-3.1, and 7.x-3.x before 7.x-3.3 for Drupal.",4.8,NETWORK,LOW,HIGH,REQUIRED,CHANGED,LOW,LOW,NONE
CVE-2012-1798,2012-06-05T22:55Z,2020-07-31T18:43Z,The TIFFGetEXIFProperties function in coders/tiff.c in ImageMagick before 6.7.6-3 allows remote attackers to cause a denial of service (out-of-bounds read and crash) via a crafted EXIF IFD in a TIFF image.,6.5,NETWORK,LOW,NONE,REQUIRED,UNCHANGED,NONE,NONE,HIGH
CVE-2012-1903,2020-02-13T17:15Z,2020-02-24T22:36Z,XSS in Telligent Community 5.6.583.20496 via a flash file and related to the allowScriptAccess parameter.,5.4,NETWORK,LOW,LOW,REQUIRED,CHANGED,LOW,LOW,NONE
CVE-2012-1915,2020-01-09T21:15Z,2020-01-13T18:49Z,EllisLab CodeIgniter 2.1.2 allows remote attackers to bypass the xss_clean() Filter and perform XSS attacks.,6.1,NETWORK,LOW,NONE,REQUIRED,CHANGED,LOW,LOW,NONE
CVE-2012-1932,2020-02-19T15:15Z,2020-02-20T13:11Z,A cross-site scripting (XSS) vulnerability in Wolf CMS 0.75 and earlier allows remote attackers to inject arbitrary web script or HTML via the setting[admin_email] parameter to admin/setting.,4.8,NETWORK,LOW,HIGH,REQUIRED,CHANGED,LOW,LOW,NONE
CVE-2012-1994,2020-02-10T16:15Z,2020-02-11T21:48Z,HP Systems Insight Manager before 7.0 allows a remote user on adjacent network to access information,5.7,ADJACENT_NETWORK,LOW,LOW,NONE,UNCHANGED,HIGH,NONE,NONE
CVE-2012-2078,2019-11-21T23:15Z,2019-12-11T14:29Z,Cross-site scripting (XSS) vulnerability in the Activity module 6.x-1.x for Drupal.,4.8,NETWORK,LOW,HIGH,REQUIRED,CHANGED,LOW,LOW,NONE
CVE-2012-2079,2019-11-22T00:15Z,2019-12-11T19:10Z,A cross-site request forgery (CSRF) vulnerability in the Activity module 6.x-1.x for Drupal.,8.8,NETWORK,LOW,NONE,REQUIRED,UNCHANGED,HIGH,HIGH,HIGH
CVE-2012-2087,2020-01-23T15:15Z,2020-01-30T15:14Z,"ISPConfig 3.0.4.3: the ""Add new Webdav user"" can chmod and chown entire server from client interface.",9.8,NETWORK,LOW,NONE,NONE,UNCHANGED,HIGH,HIGH,HIGH
CVE-2012-2092,2019-12-06T17:15Z,2019-12-17T19:10Z,"A Security Bypass vulnerability exists in Ubuntu Cobbler before 2,2,2 in the cobbler-ubuntu-import script due to an error when verifying the GPG signature.",5.9,NETWORK,HIGH,NONE,NONE,UNCHANGED,NONE,HIGH,NONE
CVE-2012-2130,2019-12-06T18:15Z,2019-12-18T20:15Z,A Security Bypass vulnerability exists in PolarSSL 0.99pre4 through 1.1.1 due to a weak encryption error when generating Diffie-Hellman values and RSA keys.,7.4,NETWORK,HIGH,NONE,NONE,UNCHANGED,HIGH,HIGH,NONE
CVE-2012-2142,2020-01-09T21:15Z,2020-01-15T18:30Z,The error function in Error.cc in poppler before 0.21.4 allows remote attackers to execute arbitrary commands via a PDF containing an escape sequence for a terminal emulator.,7.8,LOCAL,LOW,NONE,REQUIRED,UNCHANGED,HIGH,HIGH,HIGH
CVE-2012-2148,2019-12-06T18:15Z,2019-12-16T20:48Z,An issue exists in the property replacements feature in any descriptor in JBoxx AS 7.1.1 ignores java security policies,3.3,LOCAL,LOW,LOW,NONE,UNCHANGED,LOW,NONE,NONE
CVE-2012-2166,2018-02-08T23:29Z,2018-03-10T15:07Z,"IBM XIV Storage System 2810-A14 and 2812-A14 devices before level 10.2.4.e-2 and 2810-114 and 2812-114 devices before level 11.1.1 have hardcoded passwords for unspecified accounts, which allows remote attackers to gain user access via unknown vectors. IBM X-Force ID: 75041.",9.8,NETWORK,LOW,NONE,NONE,UNCHANGED,HIGH,HIGH,HIGH
CVE-2012-2204,2020-02-10T16:15Z,2020-02-11T20:54Z,InfoSphere Guardium aix_ktap module: DoS,5.5,LOCAL,LOW,LOW,NONE,UNCHANGED,NONE,NONE,HIGH
CVE-2012-2226,2020-01-09T21:15Z,2020-01-14T19:54Z,Invision Power Board before 3.3.1 fails to sanitize user-supplied input which could allow remote attackers to obtain sensitive information or execute arbitrary code by uploading a malicious file.,9.8,NETWORK,LOW,NONE,NONE,UNCHANGED,HIGH,HIGH,HIGH
CVE-2012-2237,2019-12-17T18:15Z,2019-12-21T14:02Z,"Multiple cross-site scripting (XSS) vulnerabilities in Mahara 1.4.x before 1.4.3 and 1.5.x before 1.5.2 allow remote attackers to inject arbitrary web script or HTML via vectors related to (1) javascript innerHTML as used when generating login forms, (2) links or (3) resources URLs, and (4) the Display name in a user profile.",6.1,NETWORK,LOW,NONE,REQUIRED,CHANGED,LOW,LOW,NONE
CVE-2012-2238,2019-11-21T14:15Z,2019-11-22T14:41Z,trytond 2.4: ModelView.button fails to validate authorization,7.5,NETWORK,LOW,NONE,NONE,UNCHANGED,NONE,HIGH,NONE
CVE-2012-2248,2019-11-27T18:15Z,2020-08-18T15:05Z,An issue was discovered in dhclient 4.3.1-6 due to an embedded path variable.,8.1,NETWORK,HIGH,NONE,NONE,UNCHANGED,HIGH,HIGH,HIGH
CVE-2012-2312,2019-12-18T18:15Z,2019-12-23T20:32Z,"An Elevated Privileges issue exists in JBoss AS 7 Community Release due to the improper implementation in the security context propagation, A threat gets reused from the thread pool that still retains the security context from the process last used, which lets a local user obtain elevated privileges.",7.8,LOCAL,LOW,LOW,NONE,UNCHANGED,HIGH,HIGH,HIGH
CVE-2012-2350,2019-11-21T14:15Z,2020-08-18T15:05Z,pam_shield before 0.9.4: Default configuration does not perform protective action,7.5,NETWORK,LOW,NONE,NONE,UNCHANGED,NONE,HIGH,NONE
CVE-2012-2452,2020-02-11T20:15Z,2020-02-12T15:46Z,Multiple cross-site scripting (XSS) vulnerabilities in pragmaMx 1.x before 1.12.2 allow remote attackers to inject arbitrary web script or HTML via the (1) name parameter to modules.php or (2) img_url to includes/wysiwyg/spaw/editor/plugins/imgpopup/img_popup.php.,6.1,NETWORK,LOW,NONE,REQUIRED,CHANGED,LOW,LOW,NONE
CVE-2012-2517,2020-02-11T20:15Z,2020-02-12T15:56Z,Cross-site scripting (XSS) vulnerability in PrestaShop before 1.4.9 allows remote attackers to inject arbitrary web script or HTML via the index of the product[] parameter to ajax.php.,6.1,NETWORK,LOW,NONE,REQUIRED,CHANGED,LOW,LOW,NONE
CVE-2012-2576,2017-12-20T21:29Z,2018-01-11T14:26Z,"SQL injection vulnerability in the LoginServlet page in SolarWinds Storage Manager before 5.1.2, SolarWinds Storage Profiler before 5.1.2, and SolarWinds Backup Profiler before 5.1.2 allows remote attackers to execute arbitrary SQL commands via the loginName field.",9.8,NETWORK,LOW,NONE,NONE,UNCHANGED,HIGH,HIGH,HIGH
CVE-2012-2593,2020-02-06T14:15Z,2020-02-10T15:17Z,Cross-site scripting (XSS) vulnerability in the administrative interface in Atmail Webmail Server 6.4 allows remote attackers to inject arbitrary web script or HTML via the Date field of an email.,6.1,NETWORK,LOW,NONE,REQUIRED,CHANGED,LOW,LOW,NONE
CVE-2012-2629,2020-02-20T04:15Z,2020-02-28T20:47Z,"Multiple cross-site request forgery (CSRF) and cross-site scripting (XSS) vulnerabilities in Axous 1.1.1 and earlier allow remote attackers to hijack the authentication of administrators for requests that (1) add an administrator account via an addnew action to admin/administrators_add.php; or (2) conduct cross-site scripting (XSS) attacks via the page_title parameter to admin/content_pages_edit.php; the (3) category_name[] parameter to admin/products_category.php; the (4) site_name, (5) seo_title, or (6) meta_keywords parameter to admin/settings_siteinfo.php; the (7) company_name, (8) address1, (9) address2, (10) city, (11) state, (12) country, (13) author_first_name, (14) author_last_name, (15) author_email, (16) contact_first_name, (17) contact_last_name, (18) contact_email, (19) general_email, (20) general_phone, (21) general_fax, (22) sales_email, (23) sales_phone, (24) support_email, or (25) support_phone parameter to admin/settings_company.php; or the (26) system_email, (27) sender_name, (28) smtp_server, (29) smtp_username, (30) smtp_password, or (31) order_notice_email parameter to admin/settings_email.php.",8.8,NETWORK,LOW,NONE,REQUIRED,UNCHANGED,HIGH,HIGH,HIGH
CVE-2012-2656,2019-12-18T19:15Z,2019-12-23T19:59Z,"An XML eXternal Entity (XXE) issue exists in Restlet 1.1.10 in an endpoint using XML transport, which lets a remote attacker obtain sensitive information.",7.5,NETWORK,LOW,NONE,NONE,UNCHANGED,HIGH,NONE,NONE
CVE-2012-2666,2021-07-09T11:15Z,2021-10-18T12:54Z,golang/go in 1.0.2 fixes all.bash on shared machines. dotest() in src/pkg/debug/gosym/pclntab_test.go creates a temporary file with predicable name and executes it as shell script.,9.8,NETWORK,LOW,NONE,NONE,UNCHANGED,HIGH,HIGH,HIGH
CVE-2012-2714,2020-01-09T20:15Z,2020-01-27T12:48Z,The BrowserID (Mozilla Persona) module 7.x-1.x before 7.x-1.3 for Drupal allows remote attackers to hijack the authentication of arbitrary users via the audience identifier.,9.8,NETWORK,LOW,NONE,NONE,UNCHANGED,HIGH,HIGH,HIGH
CVE-2012-2724,2020-01-09T20:15Z,2020-01-28T19:42Z,"The Simplenews module 6.x-1.x before 6.x-1.4, 6.x-2.x before 6.x-2.0-alpha4, and 7.x-1.x before 7.x-1.0-rc1 for Drupal reveals the email addresses of new mailing list subscribers when confirmation is required, which allows remote attackers to obtain sensitive information via the confirmation page.",5.3,NETWORK,LOW,NONE,NONE,UNCHANGED,LOW,NONE,NONE
CVE-2012-2736,2019-12-26T20:15Z,2020-08-18T15:05Z,"In NetworkManager 0.9.2.0, when a new wireless network was created with WPA/WPA2 security in AdHoc mode, it created an open/insecure network.",4.4,LOCAL,LOW,LOW,NONE,UNCHANGED,LOW,LOW,NONE
CVE-2012-2771,2017-08-09T18:29Z,2018-09-17T18:12Z,"Unspecified vulnerability in FFmpeg before 0.10.3 has unknown impact and attack vectors, a different vulnerability than CVE-2012-2773, CVE-2012-2778, CVE-2012-2780, and CVE-2012-2781.",9.8,NETWORK,LOW,NONE,NONE,UNCHANGED,HIGH,HIGH,HIGH
CVE-2012-2773,2017-08-09T18:29Z,2017-08-16T17:37Z,"Unspecified vulnerability in FFmpeg before 0.10.3 has unknown impact and attack vectors, a different vulnerability than CVE-2012-2771, CVE-2012-2778, CVE-2012-2780, and CVE-2012-2781.",9.8,NETWORK,LOW,NONE,NONE,UNCHANGED,HIGH,HIGH,HIGH
CVE-2012-2778,2017-08-09T18:29Z,2017-08-16T17:37Z,"Unspecified vulnerability in FFmpeg before 0.10.3 has unknown impact and attack vectors, a different vulnerability than CVE-2012-2771, CVE-2012-2773, CVE-2012-2780, and CVE-2012-2781.",9.8,NETWORK,LOW,NONE,NONE,UNCHANGED,HIGH,HIGH,HIGH
CVE-2012-2780,2017-08-09T18:29Z,2017-08-16T17:37Z,"Unspecified vulnerability in FFmpeg before 0.10.3 has unknown impact and attack vectors, a different vulnerability than CVE-2012-2771, CVE-2012-2773, CVE-2012-2778, and CVE-2012-2781.",9.8,NETWORK,LOW,NONE,NONE,UNCHANGED,HIGH,HIGH,HIGH
CVE-2012-2781,2017-08-09T18:29Z,2017-08-16T17:37Z,"Unspecified vulnerability in FFmpeg before 0.10.3 has unknown impact and attack vectors, a different vulnerability than CVE-2012-2771, CVE-2012-2773, CVE-2012-2778, and CVE-2012-2780.",9.8,NETWORK,LOW,NONE,NONE,UNCHANGED,HIGH,HIGH,HIGH
CVE-2012-2805,2017-08-28T15:29Z,2017-08-31T13:48Z,Unspecified vulnerability in FFMPEG 0.10 allows remote attackers to cause a denial of service.,7.5,NETWORK,LOW,NONE,NONE,UNCHANGED,NONE,NONE,HIGH
CVE-2012-2926,2012-05-22T15:55Z,2020-08-06T16:05Z,"Atlassian JIRA before 5.0.1; Confluence before 3.5.16, 4.0 before 4.0.7, and 4.1 before 4.1.10; FishEye and Crucible before 2.5.8, 2.6 before 2.6.8, and 2.7 before 2.7.12; Bamboo before 3.3.4 and 3.4.x before 3.4.5; and Crowd before 2.0.9, 2.1 before 2.1.2, 2.2 before 2.2.9, 2.3 before 2.3.7, and 2.4 before 2.4.1 do not properly restrict the capabilities of third-party XML parsers, which allows remote attackers to read arbitrary files or cause a denial of service (resource consumption) via unspecified vectors.",9.1,NETWORK,LOW,NONE,NONE,UNCHANGED,HIGH,NONE,HIGH
CVE-2012-2931,2020-01-09T21:15Z,2020-01-22T16:26Z,PHP code injection in TinyWebGallery before 1.8.8 allows remote authenticated users with admin privileges to inject arbitrary code into the .htusers.php file.,7.2,NETWORK,LOW,HIGH,NONE,UNCHANGED,HIGH,HIGH,HIGH
CVE-2012-2945,2019-10-29T19:15Z,2019-10-31T01:09Z,Hadoop 1.0.3 contains a symlink vulnerability.,7.5,NETWORK,LOW,NONE,NONE,UNCHANGED,NONE,HIGH,NONE
CVE-2012-2950,2020-01-09T22:15Z,2020-01-22T20:32Z,Gateway Geomatics MapServer for Windows before 3.0.6 contains a Local File Include Vulnerability which allows remote attackers to execute local PHP code and obtain sensitive information.,8.1,NETWORK,HIGH,NONE,NONE,UNCHANGED,HIGH,HIGH,HIGH
CVE-2012-2979,2019-11-01T15:15Z,2019-11-07T19:07Z,FreeBSD NSD before 3.2.13 allows remote attackers to crash a NSD child server process (SIGSEGV) and cause a denial of service in the NSD server.,7.5,NETWORK,LOW,NONE,NONE,UNCHANGED,NONE,NONE,HIGH
CVE-2012-3331,2018-02-08T23:29Z,2018-02-22T18:47Z,IBM Sametime allows remote attackers to obtain sensitive information from the Sametime Log database via a direct request to STLOG.NSF. IBM X-Force ID: 78048.,5.3,NETWORK,LOW,NONE,NONE,UNCHANGED,LOW,NONE,NONE
CVE-2012-3336,2020-09-01T16:15Z,2020-09-04T17:57Z,"IBM InfoSphere Guardium 8.0, 8.01, and 8.2 is vulnerable to SQL injection. A remote authenticated attacker could send specially-crafted SQL statements to multiple scripts, which could allow the attacker to view, add, modify or delete information in the back-end database. IBM X-Force ID: 78282.",8.8,NETWORK,LOW,LOW,NONE,UNCHANGED,HIGH,HIGH,HIGH
CVE-2012-3337,2020-09-01T16:15Z,2020-09-04T17:55Z,"IBM InfoSphere Guardium 8.0, 8.01, and 8.2 could allow a remote attacker to traverse directories on the system. An attacker could send a specially-crafted URL request containing &quot;dot dot&quot; sequences (/../) to download arbitrary files on the system. IBM X-Force ID: 78284.",5.3,NETWORK,LOW,NONE,NONE,UNCHANGED,LOW,NONE,NONE
CVE-2012-3338,2020-09-01T17:15Z,2020-09-04T17:54Z,"IBM InfoSphere Guardium 8.0, 8.01, and 8.2 could allow a remote attacker to bypass security restrictions, caused by improper restrictions on the create new user account functionality. An attacker could exploit this vulnerability to create unprivileged user accounts. IBM X-Force ID: 78286.",5.3,NETWORK,LOW,NONE,NONE,UNCHANGED,NONE,LOW,NONE
CVE-2012-3340,2020-09-01T17:15Z,2020-09-03T19:42Z,"IBM InfoSphere Guardium 8.0, 8.01, and 8.2 is vulnerable to XML external entity injection, caused by improper validation of user-supplied input. A remote authenticated attacker could exploit this vulnerability to obtain sensitive information. IBM X-Force ID: 78291.",4.3,NETWORK,LOW,LOW,NONE,UNCHANGED,LOW,NONE,NONE
CVE-2012-3341,2020-09-01T17:15Z,2020-09-03T19:36Z,"IBM InfoSphere Guardium 7.0, 8.0, 8.01, and 8.2 is vulnerable to cross-site scripting, caused by improper validation of user-supplied input. A remote attacker could exploit this vulnerability using a specially-crafted URL to execute script in a victim's Web browser within the security context of the hosting Web site, once the URL is clicked. An attacker could use this vulnerability to steal the victim's cookie-based authentication credentials. IBM X-Force ID: 78294.",5.4,NETWORK,LOW,LOW,REQUIRED,CHANGED,LOW,LOW,NONE
CVE-2012-3351,2020-02-20T18:15Z,2020-02-24T22:45Z,"Multiple cross-site scripting (XSS) vulnerabilities in LongTail Video JW Player through 5.10.2295 allow remote attackers to inject arbitrary web script or HTML via the (1) link, (2) logo.link, or (3) aboutlink parameter, or a nested URI scheme name for (4) javascript, (5) asfunction, or (6) vbscript.",6.1,NETWORK,LOW,NONE,REQUIRED,CHANGED,LOW,LOW,NONE
CVE-2012-3353,2018-01-09T02:29Z,2018-02-05T14:28Z,"The Apache Sling JCR ContentLoader 2.1.4 XmlReader used in the Sling JCR content loader module makes it possible to import arbitrary files in the content repository, including local files, causing potential information leaks. Users should upgrade to version 2.1.6 of the JCR ContentLoader",7.5,NETWORK,LOW,NONE,NONE,UNCHANGED,HIGH,NONE,NONE
CVE-2012-3407,2019-11-22T15:15Z,2019-11-25T19:32Z,plow has local buffer overflow vulnerability,7.8,LOCAL,LOW,LOW,NONE,UNCHANGED,HIGH,HIGH,HIGH
CVE-2012-3409,2019-12-20T14:15Z,2020-01-03T15:36Z,"ecryptfs-utils: suid helper does not restrict mounting filesystems with nosuid,nodev which creates a possible privilege escalation",7.8,LOCAL,LOW,LOW,NONE,UNCHANGED,HIGH,HIGH,HIGH
CVE-2012-3460,2019-11-21T15:15Z,2021-07-15T19:16Z,cumin: At installation postgresql database user created without password,9.8,NETWORK,LOW,NONE,NONE,UNCHANGED,HIGH,HIGH,HIGH
CVE-2012-3462,2019-12-26T21:15Z,2020-01-03T20:05Z,A flaw was found in SSSD version 1.9.0. The SSSD's access-provider logic causes the result of the HBAC rule processing to be ignored in the event that the access-provider is also handling the setup of the user's SELinux user context.,8.8,NETWORK,LOW,LOW,NONE,UNCHANGED,HIGH,HIGH,HIGH
CVE-2012-3490,2020-01-09T21:15Z,2020-01-29T15:32Z,"The (1) my_popenv_impl and (2) my_spawnv functions in src/condor_utils/my_popen.cpp and the (3) systemCommand function in condor_vm-gahp/vmgahp_common.cpp in Condor 7.6.x before 7.6.10 and 7.8.x before 7.8.4 does not properly check the return value of setuid calls, which might cause a subprocess to be created with root privileges and allow remote attackers to gain privileges via unspecified vectors.",8.8,NETWORK,LOW,LOW,NONE,UNCHANGED,HIGH,HIGH,HIGH
CVE-2012-3536,2018-02-27T19:29Z,2018-03-16T17:39Z,Two XSS vulnerabilities were fixed in message list and view in the Hupa Webmail application from the Apache James project. An attacker could send a carefully crafted email to a user of Hupa which would trigger a XSS when the email was opened or when a list of messages were viewed. This issue was addressed in Hupa 0.0.3.,6.1,NETWORK,LOW,NONE,REQUIRED,CHANGED,LOW,LOW,NONE
CVE-2012-3543,2019-11-21T14:15Z,2020-08-18T15:05Z,mono 2.10.x ASP.NET Web Form Hash collision DoS,7.5,NETWORK,LOW,NONE,NONE,UNCHANGED,NONE,NONE,HIGH
CVE-2012-3552,2012-10-03T11:02Z,2020-07-31T11:33Z,Race condition in the IP implementation in the Linux kernel before 3.0 might allow remote attackers to cause a denial of service (slab corruption and system crash) by sending packets to an application that sets socket options during the handling of network traffic.,5.9,NETWORK,HIGH,NONE,NONE,UNCHANGED,NONE,NONE,HIGH
CVE-2012-3806,2020-01-09T22:15Z,2020-01-11T01:09Z,Samsung Kies before 2.5.0.12094_27_11 contains a NULL pointer dereference vulnerability which could allow remote attackers to perform a denial of service.,7.5,NETWORK,LOW,NONE,NONE,UNCHANGED,NONE,NONE,HIGH
CVE-2012-3807,2020-01-09T22:15Z,2020-01-13T19:57Z,Samsung Kies before 2.5.0.12094_27_11 has arbitrary file execution.,9.8,NETWORK,LOW,NONE,NONE,UNCHANGED,HIGH,HIGH,HIGH
CVE-2012-3808,2020-01-09T22:15Z,2020-01-11T01:01Z,Samsung Kies before 2.5.0.12094_27_11 has arbitrary file modification.,7.5,NETWORK,LOW,NONE,NONE,UNCHANGED,NONE,HIGH,NONE
CVE-2012-3809,2020-01-09T22:15Z,2020-01-11T00:51Z,Samsung Kies before 2.5.0.12094_27_11 has arbitrary directory modification.,7.5,NETWORK,LOW,NONE,NONE,UNCHANGED,NONE,HIGH,NONE
CVE-2012-3810,2020-01-09T22:15Z,2020-01-11T00:49Z,Samsung Kies before 2.5.0.12094_27_11 has registry modification.,7.5,NETWORK,LOW,NONE,NONE,UNCHANGED,NONE,HIGH,NONE
CVE-2012-3821,2020-01-10T20:15Z,2020-01-22T18:56Z,"A Security Bypass vulnerability exists in the activate.asp page in Arial Software Campaign Enterprise 11.0.551, which could let a remote malicious user modify the SerialNumber field.",4.3,NETWORK,LOW,LOW,NONE,UNCHANGED,NONE,LOW,NONE
CVE-2012-3822,2020-01-10T17:15Z,2020-01-15T19:31Z,"Arial Campaign Enterprise before 11.0.551 has unauthorized access to the User-Edit.asp page, which allows remote attackers to enumerate users' credentials.",7.5,NETWORK,LOW,NONE,NONE,UNCHANGED,HIGH,NONE,NONE
CVE-2012-3823,2020-01-10T17:15Z,2020-01-15T19:45Z,Arial Campaign Enterprise before 11.0.551 stores passwords in clear text and these may be retrieved.,7.5,NETWORK,LOW,NONE,NONE,UNCHANGED,HIGH,NONE,NONE
CVE-2012-3824,2020-01-10T17:15Z,2020-01-15T20:16Z,"In Arial Campaign Enterprise before 11.0.551, multiple pages are accessible without authentication or authorization.",7.5,NETWORK,LOW,NONE,NONE,UNCHANGED,HIGH,NONE,NONE
CVE-2012-4029,2020-02-08T18:15Z,2020-02-12T15:29Z,Cross-site scripting (XSS) vulnerability in main/dropbox/index.php in Chamilo LMS before 1.8.8.6 allows remote attackers to inject arbitrary web script or HTML via the category_name parameter in an addsentcategory action.,6.1,NETWORK,LOW,NONE,REQUIRED,CHANGED,LOW,LOW,NONE
CVE-2012-4030,2020-01-10T17:15Z,2020-01-15T20:21Z,"Chamilo before 1.8.8.6 does not adequately handle user supplied input by the index.php script, which could allow remote attackers to delete arbitrary files.",7.5,NETWORK,LOW,NONE,NONE,UNCHANGED,NONE,HIGH,NONE
CVE-2012-4284,2020-01-10T20:15Z,2020-05-11T19:20Z,"A Privilege Escalation vulnerability exists in Viscosity 1.4.1 on Mac OS X due to a path name validation issue in the setuid-set ViscosityHelper binary, which could let a remote malicious user execute arbitrary code",9.8,NETWORK,LOW,NONE,NONE,UNCHANGED,HIGH,HIGH,HIGH
CVE-2012-4377,2017-10-26T20:29Z,2017-10-31T21:41Z,Cross-site scripting (XSS) vulnerability in MediaWiki before 1.18.5 and 1.19.x before 1.19.2 allows remote attackers to inject arbitrary web script or HTML via a File: link to a nonexistent image.,6.1,NETWORK,LOW,NONE,REQUIRED,CHANGED,LOW,LOW,NONE
CVE-2012-4378,2017-10-26T20:29Z,2017-10-31T21:41Z,"Multiple cross-site scripting (XSS) vulnerabilities in MediaWiki before 1.18.5 and 1.19.x before 1.19.2, when unspecified JavaScript gadgets are used, allow remote attackers to inject arbitrary web script or HTML via the userlang parameter to w/index.php.",6.1,NETWORK,LOW,NONE,REQUIRED,CHANGED,LOW,LOW,NONE
CVE-2012-4379,2017-10-19T21:29Z,2017-10-31T22:08Z,"MediaWiki before 1.18.5, and 1.19.x before 1.19.2 does not send a restrictive X-Frame-Options HTTP header, which allows remote attackers to conduct clickjacking attacks via an embedded API response in an IFRAME element.",6.5,NETWORK,LOW,NONE,REQUIRED,UNCHANGED,NONE,HIGH,NONE
CVE-2012-4380,2017-10-19T21:29Z,2017-10-31T22:08Z,"MediaWiki before 1.18.5, and 1.19.x before 1.19.2 allows remote attackers to bypass GlobalBlocking extension IP address blocking and create an account via unspecified vectors.",7.5,NETWORK,LOW,NONE,NONE,UNCHANGED,NONE,HIGH,NONE
CVE-2012-4381,2020-02-08T18:15Z,2020-02-12T18:48Z,"MediaWiki before 1.18.5, and 1.19.x before 1.19.2 saves passwords in the local database, (1) which could make it easier for context-dependent attackers to obtain cleartext passwords via a brute-force attack or, (2) when an authentication plugin returns a false in the strict function, could allow remote attackers to use old passwords for non-existing accounts in an external authentication system via unspecified vectors.",8.1,NETWORK,HIGH,NONE,NONE,UNCHANGED,HIGH,HIGH,HIGH
CVE-2012-4382,2017-10-19T21:29Z,2017-10-31T22:07Z,"MediaWiki before 1.18.5, and 1.19.x before 1.19.2 does not properly protect user block metadata, which allows remote administrators to read a user block reason via a reblock attempt.",4.9,NETWORK,LOW,HIGH,NONE,UNCHANGED,HIGH,NONE,NONE
CVE-2012-4383,2020-01-29T15:15Z,2020-01-31T14:11Z,contao prior to 2.11.4 has a sql injection vulnerability,8.8,NETWORK,LOW,LOW,NONE,UNCHANGED,HIGH,HIGH,HIGH
CVE-2012-4384,2019-11-13T16:15Z,2019-11-14T19:23Z,"letodms has multiple XSS issues: Reflected XSS in Login Page, Stored XSS in Document Owner/User name, Stored XSS in Calendar",6.1,NETWORK,LOW,NONE,REQUIRED,CHANGED,LOW,LOW,NONE
CVE-2012-4385,2019-11-13T17:15Z,2019-11-15T18:06Z,letodms 3.3.6 has CSRF via change password,6.5,NETWORK,LOW,NONE,REQUIRED,UNCHANGED,NONE,HIGH,NONE
CVE-2012-4420,2019-12-26T21:15Z,2020-01-14T17:33Z,An information disclosure flaw was found in the way the Java Virtual Machine (JVM) implementation of Java SE 7 as provided by OpenJDK 7 incorrectly initialized integer arrays after memory allocation (in certain circumstances they had nonzero elements right after the allocation). A remote attacker could use this flaw to obtain potentially sensitive information.,7.5,NETWORK,LOW,NONE,NONE,UNCHANGED,HIGH,NONE,NONE
CVE-2012-4428,2019-12-02T18:15Z,2019-12-16T14:21Z,openslp: SLPIntersectStringList()' Function has a DoS vulnerability,7.5,NETWORK,LOW,NONE,NONE,UNCHANGED,NONE,NONE,HIGH
CVE-2012-4434,2020-01-09T21:15Z,2020-01-10T18:33Z,fwknop before 2.0.3 allow remote authenticated users to cause a denial of service (server crash) or possibly execute arbitrary code.,8.8,NETWORK,LOW,LOW,NONE,UNCHANGED,HIGH,HIGH,HIGH
CVE-2012-4438,2019-11-18T21:15Z,2019-11-20T15:58Z,Jenkins main before 1.482 and LTS before 1.466.2 allows remote attackers with read access and HTTP access to Jenkins master to insert data and execute arbitrary code.,8.8,NETWORK,LOW,LOW,NONE,UNCHANGED,HIGH,HIGH,HIGH
CVE-2012-4439,2019-11-18T21:15Z,2019-11-19T20:56Z,Cross-site Scripting (XSS) in Jenkins main before 1.482 and LTS before 1.466.2 allows remote attackers to inject arbitrary web script or HTML via a crafted URL that points to Jenkins.,6.1,NETWORK,LOW,NONE,REQUIRED,CHANGED,LOW,LOW,NONE
CVE-2012-4440,2019-11-18T22:15Z,2019-11-19T20:43Z,Cross-site Scripting (XSS) in Jenkins main before 1.482 and LTS before 1.466.2 allows remote attackers to inject arbitrary web script or HTML in the Violations plugin.,6.1,NETWORK,LOW,NONE,REQUIRED,CHANGED,LOW,LOW,NONE
CVE-2012-4441,2019-11-18T22:15Z,2019-11-19T20:42Z,Cross-site Scripting (XSS) in Jenkins main before 1.482 and LTS before 1.466.2 allows remote attackers to inject arbitrary web script or HTML in the CI game plugin.,6.1,NETWORK,LOW,NONE,REQUIRED,CHANGED,LOW,LOW,NONE
CVE-2012-4449,2017-10-30T19:29Z,2017-11-21T15:53Z,"Apache Hadoop before 0.23.4, 1.x before 1.0.4, and 2.x before 2.0.2 generate token passwords using a 20-bit secret when Kerberos security features are enabled, which makes it easier for context-dependent attackers to crack secret keys via a brute-force attack.",9.8,NETWORK,LOW,NONE,NONE,UNCHANGED,HIGH,HIGH,HIGH
CVE-2012-4451,2020-01-03T17:15Z,2020-01-14T18:51Z,"Multiple cross-site scripting (XSS) vulnerabilities in Zend Framework 2.0.x before 2.0.1 allow remote attackers to inject arbitrary web script or HTML via unspecified input to (1) Debug, (2) Feed\PubSubHubbub, (3) Log\Formatter\Xml, (4) Tag\Cloud\Decorator, (5) Uri, (6) View\Helper\HeadStyle, (7) View\Helper\Navigation\Sitemap, or (8) View\Helper\Placeholder\Container\AbstractStandalone, related to Escaper.",6.1,NETWORK,LOW,NONE,REQUIRED,CHANGED,LOW,LOW,NONE
CVE-2012-4480,2019-12-02T18:15Z,2019-12-13T15:40Z,mom creates world-writable pid files in /var/run,7.8,LOCAL,LOW,LOW,NONE,UNCHANGED,HIGH,HIGH,HIGH
CVE-2012-4512,2020-02-08T19:15Z,2020-02-14T16:39Z,"The CSS parser (khtml/css/cssparser.cpp) in Konqueror in KDE 4.7.3 allows remote attackers to cause a denial of service (crash) and possibly read memory via a crafted font face source, related to ""type confusion.""",8.8,NETWORK,LOW,NONE,REQUIRED,UNCHANGED,HIGH,HIGH,HIGH
CVE-2012-4519,2020-02-11T18:15Z,2020-02-12T21:58Z,Zenphoto before 1.4.3.4 admin-news-articles.php date parameter XSS.,6.1,NETWORK,LOW,NONE,REQUIRED,CHANGED,LOW,LOW,NONE
CVE-2012-4524,2019-11-21T15:15Z,2019-12-04T14:54Z,xlockmore before 5.43 'dclock' security bypass vulnerability,7.5,NETWORK,LOW,NONE,NONE,UNCHANGED,NONE,HIGH,NONE
CVE-2012-4525,2019-12-02T18:15Z,2019-12-04T16:00Z,piwigo has XSS in password.php,6.1,NETWORK,LOW,NONE,REQUIRED,CHANGED,LOW,LOW,NONE
CVE-2012-4526,2019-12-02T18:15Z,2019-12-04T15:54Z,piwigo has XSS in password.php (incomplete fix for CVE-2012-4525),6.1,NETWORK,LOW,NONE,REQUIRED,CHANGED,LOW,LOW,NONE
CVE-2012-4567,2017-10-23T18:29Z,2017-11-15T18:17Z,Multiple cross-site scripting (XSS) vulnerabilities in LetoDMS (formerly MyDMS) before 3.3.8 allow remote attackers to inject arbitrary web script or HTML via unspecified parameters in (1) inc/inc.ClassUI.php or (2) out/out.DocumentNotify.php.,6.1,NETWORK,LOW,NONE,REQUIRED,CHANGED,LOW,LOW,NONE
CVE-2012-4568,2017-10-23T18:29Z,2017-11-14T18:36Z,Multiple cross-site request forgery (CSRF) vulnerabilities in LetoDMS (formerly MyDMS) before 3.3.8 allow remote attackers to hijack the authentication of unspecified victims via unknown vectors.,8.8,NETWORK,LOW,NONE,REQUIRED,UNCHANGED,HIGH,HIGH,HIGH
CVE-2012-4569,2017-10-23T18:29Z,2017-11-14T18:37Z,Multiple cross-site scripting (XSS) vulnerabilities in out/out.UsrMgr.php in LetoDMS (formerly MyDMS) before 3.3.9 allow remote attackers to inject arbitrary web script or HTML via unspecified vectors.,6.1,NETWORK,LOW,NONE,REQUIRED,CHANGED,LOW,LOW,NONE
CVE-2012-4570,2017-10-23T18:29Z,2017-11-15T21:44Z,SQL injection vulnerability in LetoDMS_Core/Core/inc.ClassDMS.php in LetoDMS (formerly MyDMS) before 3.3.8 allows remote attackers to execute arbitrary SQL commands via unspecified vectors.,9.8,NETWORK,LOW,NONE,NONE,UNCHANGED,HIGH,HIGH,HIGH
CVE-2012-4576,2019-12-02T18:15Z,2019-12-11T16:04Z,FreeBSD: Input Validation Flaw allows local users to gain elevated privileges,7.8,LOCAL,LOW,LOW,NONE,UNCHANGED,HIGH,HIGH,HIGH
CVE-2012-4603,2020-01-10T21:15Z,2020-01-22T19:49Z,"Citrix XenApp Online Plug-in for Windows 12.1 and earlier, and Citrix Receiver for Windows 3.2 and earlier could allow remote attackers to execute arbitrary code by convincing a target to open a specially crafted file from an SMB or WebDAV fileserver.",7.8,LOCAL,LOW,NONE,REQUIRED,UNCHANGED,HIGH,HIGH,HIGH
CVE-2012-4606,2020-01-23T22:15Z,2020-02-03T16:16Z,"Citrix XenServer 4.1, 6.0, 5.6 SP2, 5.6 Feature Pack 1, 5.6 Common Criteria, 5.6, 5.5, 5.0, and 5.0 Update 3 contains a Local Privilege Escalation Vulnerability which could allow local users with access to a guest operating system to gain elevated privileges.",7.8,LOCAL,LOW,LOW,NONE,UNCHANGED,HIGH,HIGH,HIGH
CVE-2012-4750,2020-01-13T20:15Z,2020-01-22T15:31Z,"A Code Execution vulnerability exists in the memcpy function when processing AMF requests in Ezhometech EzServer 7.0, which could let a remote malicious user execute arbitrary code or cause a Denial of Service",9.8,NETWORK,LOW,NONE,NONE,UNCHANGED,HIGH,HIGH,HIGH
CVE-2012-4760,2020-01-13T20:15Z,2020-01-21T18:14Z,"A Privilege Escalation vulnerability exists in the SDBagent service in Safend Data Protector Agent 3.4.5586.9772, which could let a local malicious user obtain privileges.",7.8,LOCAL,LOW,LOW,NONE,UNCHANGED,HIGH,HIGH,HIGH
CVE-2012-4761,2020-01-13T20:15Z,2020-01-22T15:29Z,"A Privilege Escalation vulnerability exists in the unquoted Service Binary in SDPAgent or SDBAgent in Safend Data Protector Agent 3.4.5586.9772, which could let a local malicious user obtain privileges.",7.8,LOCAL,LOW,LOW,NONE,UNCHANGED,HIGH,HIGH,HIGH
CVE-2012-4767,2020-01-13T19:15Z,2020-01-21T18:14Z,"An issue exists in Safend Data Protector Agent 3.4.5586.9772 in the securitylayer.log file in the logs.9972 directory, which could let a malicious user decrypt and potentially change the Safend security policies applied to the machine.",6.1,LOCAL,LOW,LOW,NONE,UNCHANGED,HIGH,LOW,NONE
CVE-2012-4863,2020-01-23T15:15Z,2020-01-30T14:25Z,IBM WebSphere MQ 7.1 and 7.5: Queue manager has a DoS vulnerability,6.5,NETWORK,LOW,LOW,NONE,UNCHANGED,NONE,NONE,HIGH
CVE-2012-4900,2020-01-23T15:15Z,2020-01-27T17:51Z,Corel WordPerfect Office X6 16.0.0.388 has a DoS Vulnerability via untrusted pointer dereference,5.5,LOCAL,LOW,NONE,REQUIRED,UNCHANGED,NONE,NONE,HIGH
CVE-2012-4919,2020-01-22T19:15Z,2020-01-24T21:09Z,Gallery Plugin1.4 for WordPress has a Remote File Include Vulnerability,9.8,NETWORK,LOW,NONE,NONE,UNCHANGED,HIGH,HIGH,HIGH
CVE-2012-4980,2019-12-27T21:15Z,2019-12-30T15:39Z,Multiple stack-based buffer overflows in CFProfile.exe in Toshiba ConfigFree Utility 8.0.38 allow user-assisted attackers to execute arbitrary code.,7.8,LOCAL,LOW,NONE,REQUIRED,UNCHANGED,HIGH,HIGH,HIGH
CVE-2012-4981,2020-01-23T15:15Z,2020-01-30T14:33Z,Toshiba ConfigFree 8.0.38 has a CF7 File Remote Command Execution Vulnerability,8.8,NETWORK,LOW,NONE,REQUIRED,UNCHANGED,HIGH,HIGH,HIGH
CVE-2012-5010,2017-06-27T20:29Z,2017-07-06T18:58Z,"ASA 5515-X Adaptive Security Appliance Adaptive Security Appliance (ASA) Software 9.4.x before 9.4.1 Interim, 9.2.x before 9.2.4 Interim, ASA 5510 Adaptive Security Appliance Adaptive Security Appliance (ASA) Software 8.4.x before 8.4.7 Interim, 8.2.x before 8.2.5 Interim, 9.1.x before 9.1.6 Interim, ASA 5555-X Adaptive Security Appliance ASA for Application Centric Infrastructure (ACI) Device Package 1.2.4.x before 1.2.4.8, ASA 5512-X Adaptive Security Appliance ASA for Application Centric Infrastructure (ACI) Device Package 1.2.4.x before 1.2.4.8, ASA 5520 Adaptive Security Appliance Adaptive Security Appliance (ASA) Software 8.2.x before 8.2.5 Interim, 8.4.x before 8.4.7 Interim, 9.1.x before 9.1.6 Interim, ASA 5505 Adaptive Security Appliance Adaptive Security Appliance (ASA) Software 9.2.x before 9.2.4 Interim, 8.4.x before 8.4.7 Interim, 9.1.x before 9.1.6 Interim, ASA 5525-X Adaptive Security Appliance ASA for Application Centric Infrastructure (ACI) Device Package 1.2.4.x before 1.2.4.8, ASA 5512-X Adaptive Security Appliance Adaptive Security Appliance (ASA) Software 9.4.x before 9.4.1 Interim, 9.2.x before 9.2.4 Interim or 9.2.4.SMP, 9.1.x before 9.1.6 Interim, ASA 5545-X Adaptive Security Appliance ASA for Application Centric Infrastructure (ACI) Device Package 1.2.4.x before 1.2.4.8, ASA 5585-X Adaptive Security Appliance ASA for Application Centric Infrastructure (ACI) Device Package 1.2.4.x before 1.2.4.8, ASA 5540 Adaptive Security Appliance Adaptive Security Appliance (ASA) Software 8.2.x before 8.2.5 Interim, 8.4.x before 8.4.7 Interim, 9.1.x before 9.1.6 Interim, ASA 5515-X Adaptive Security Appliance ASA for Application Centric Infrastructure (ACI) Device Package 1.2.4.x before 1.2.4.8, ASA 5555-X Adaptive Security Appliance Adaptive Security Appliance (ASA) Software 9.2.x before 9.2.4 Interim or 9.2.4.SMP, 9.4.x before 9.4.1 Interim, 9.1.x before 9.1.6 Interim, ASA 5580 Adaptive Security Appliance Adaptive Security Appliance (ASA) Software 9.1.x before 9.1.6 Interim, ASA 5585-X Adaptive Security Appliance Adaptive Security Appliance (ASA) Software 9.2.x before 9.2.4 Interim, 9.4.x before 9.4.1 Interim, ASA 5525-X Adaptive Security Appliance Adaptive Security Appliance (ASA) Software 9.4.x before 9.4.1 Interim, 9.2.x before 9.2.4 Interim or 9.2.4.SMP, 9.1.x before 9.1.6 Interim, ASA 5545-X Adaptive Security Appliance Adaptive Security Appliance (ASA) Software 9.4.x before 9.4.1 Interim, 9.2.x before 9.2.4 Interim or 9.2.4.SMP. 9.1.x before 9.1.6 ASA does not check the source of the ARP request or GARP packets for addresses it performs NAT translation for under unspecified conditions.",8.1,ADJACENT_NETWORK,LOW,NONE,NONE,UNCHANGED,NONE,HIGH,HIGH
CVE-2012-5030,2017-08-02T19:29Z,2017-08-04T16:04Z,"Cisco IOS before 15.2(4)S6 does not initialize an unspecified variable, which might allow remote authenticated users to cause a denial of service (CPU consumption, watchdog timeout, crash) by walking specific SNMP objects.",6.5,NETWORK,LOW,LOW,NONE,UNCHANGED,NONE,NONE,HIGH
CVE-2012-5190,2020-01-21T16:15Z,2020-01-29T15:44Z,Prizm Content Connect 5.1 has an Arbitrary File Upload Vulnerability,9.8,NETWORK,LOW,NONE,NONE,UNCHANGED,HIGH,HIGH,HIGH
CVE-2012-5193,2019-11-13T21:15Z,2019-11-15T21:14Z,"Multiple cross-site scripting (XSS) vulnerabilities in Bitweaver 2.8.1 and earlier allow remote attackers to inject arbitrary web script or HTML via the path info to (1) stats/index.php or (2) newsletters/edition.php or the (3) username parameter to users/remind_password.php, (4) days parameter to stats/index.php, (5) login parameter to users/register.php, or (6) highlight parameter.",6.1,NETWORK,LOW,NONE,REQUIRED,CHANGED,LOW,LOW,NONE
CVE-2012-5340,2020-01-23T22:15Z,2020-01-28T17:42Z,SumatraPDF 2.1.1/MuPDF 1.0 allows remote attackers to cause an Integer Overflow in the lex_number() function via a corrupt PDF file.,7.8,LOCAL,LOW,NONE,REQUIRED,UNCHANGED,HIGH,HIGH,HIGH
CVE-2012-5357,2017-10-30T14:29Z,2017-11-18T17:39Z,"Ektron Content Management System (CMS) before 8.02 SP5 uses the XslCompiledTransform class with enablescript set to true, which allows remote attackers to execute arbitrary code with NETWORK SERVICE privileges via crafted XSL data.",9.8,NETWORK,LOW,NONE,NONE,UNCHANGED,HIGH,HIGH,HIGH
CVE-2012-5358,2017-10-30T14:29Z,2017-11-18T17:40Z,"The XSLTCompiledTransform function in Ektron Content Management System (CMS) before 8.02 SP5 configures the XSL with enableDocumentFunction set to true, which allows remote attackers to read arbitrary files and consequently bypass authentication, modify viewstate, cause a denial of service, or possibly have unspecified other impact via crafted XSL data.",9.8,NETWORK,LOW,NONE,NONE,UNCHANGED,HIGH,HIGH,HIGH
CVE-2012-5359,2018-02-08T23:29Z,2018-02-23T15:58Z,Libavcodec in FFmpeg before 0.11 allows remote attackers to execute arbitrary code via a crafted ASF file.,8.8,NETWORK,LOW,NONE,REQUIRED,UNCHANGED,HIGH,HIGH,HIGH
CVE-2012-5360,2018-02-08T23:29Z,2018-02-23T15:59Z,Libavcodec in FFmpeg before 0.11 allows remote attackers to execute arbitrary code via a crafted QT file.,8.8,NETWORK,LOW,NONE,REQUIRED,UNCHANGED,HIGH,HIGH,HIGH
CVE-2012-5361,2017-03-20T16:59Z,2018-02-09T02:29Z,Libavcodec in FFmpeg before 0.11 allows remote attackers to execute arbitrary code via a crafted WMV file.,7.8,LOCAL,LOW,NONE,REQUIRED,UNCHANGED,HIGH,HIGH,HIGH
CVE-2012-5362,2020-02-20T15:15Z,2020-02-28T14:46Z,"The IPv6 implementation in Microsoft Windows 7 and earlier allows remote attackers to cause a denial of service via a flood of ICMPv6 Neighbor Solicitation messages, a different vulnerability than CVE-2010-4669.",7.5,NETWORK,LOW,NONE,NONE,UNCHANGED,NONE,NONE,HIGH
CVE-2012-5363,2020-02-20T15:15Z,2020-02-28T16:34Z,"The IPv6 implementation in FreeBSD and NetBSD (unknown versions, year 2012 and earlier) allows remote attackers to cause a denial of service via a flood of ICMPv6 Neighbor Solicitation messages, a different vulnerability than CVE-2011-2393.",7.5,NETWORK,LOW,NONE,NONE,UNCHANGED,NONE,NONE,HIGH
CVE-2012-5364,2020-02-20T15:15Z,2020-02-28T15:46Z,The IPv6 implementation in Microsoft Windows 7 and earlier allows remote attackers to cause a denial of service via a flood of ICMPv6 Router Advertisement packets containing multiple Routing entries.,7.5,NETWORK,LOW,NONE,NONE,UNCHANGED,NONE,NONE,HIGH
CVE-2012-5365,2020-02-20T15:15Z,2020-02-25T19:30Z,"The IPv6 implementation in FreeBSD and NetBSD (unknown versions, year 2012 and earlier) allows remote attackers to cause a denial of service via a flood of ICMPv6 Router Advertisement packets containing multiple Routing entries.",7.5,NETWORK,LOW,NONE,NONE,UNCHANGED,NONE,NONE,HIGH
CVE-2012-5366,2020-02-20T15:15Z,2020-02-25T19:33Z,"The IPv6 implementation in Apple Mac OS X (unknown versions, year 2012 and earlier) allows remote attackers to cause a denial of service via a flood of ICMPv6 Router Advertisement packets containing multiple Routing entries.",7.5,NETWORK,LOW,NONE,NONE,UNCHANGED,NONE,NONE,HIGH
CVE-2012-5376,2012-10-11T10:51Z,2019-09-27T17:19Z,"The Inter-process Communication (IPC) implementation in Google Chrome before 22.0.1229.94 allows remote attackers to bypass intended sandbox restrictions and write to arbitrary files by leveraging access to a renderer process, a different vulnerability than CVE-2012-5112.",9.6,NETWORK,LOW,NONE,REQUIRED,CHANGED,HIGH,HIGH,HIGH
CVE-2012-5389,2020-01-23T22:15Z,2020-01-28T21:02Z,NULL Pointer Dereference in PowerTCP WebServer for ActiveX 1.9.2 and earlier allows remote attackers to cause a denial of service (application crash) via a crafted HTTP request.,7.5,NETWORK,LOW,NONE,NONE,UNCHANGED,NONE,NONE,HIGH
CVE-2012-5474,2019-12-30T20:15Z,2021-03-09T14:45Z,The file /etc/openstack-dashboard/local_settings within Red Hat OpenStack Platform 2.0 and RHOS Essex Release (python-django-horizon package before 2012.1.1) is world readable and exposes the secret key value.,5.5,LOCAL,LOW,LOW,NONE,UNCHANGED,HIGH,NONE,NONE
CVE-2012-5476,2019-12-30T20:15Z,2020-01-09T20:46Z,"Within the RHOS Essex Preview (2012.2) of the OpenStack dashboard package, the file /etc/quantum/quantum.conf is world readable which exposes the admin password and token value.",5.5,LOCAL,LOW,LOW,NONE,UNCHANGED,HIGH,NONE,NONE
CVE-2012-5518,2019-11-25T14:15Z,2019-12-09T17:00Z,vdsm: certificate generation upon node creation allowing vdsm to start and serve requests from anyone who has a matching key (and certificate),7.5,NETWORK,LOW,NONE,NONE,UNCHANGED,NONE,HIGH,NONE
CVE-2012-5521,2019-11-25T14:15Z,2020-08-18T15:05Z,quagga (ospf6d) 0.99.21 has a DoS flaw in the way the ospf6d daemon performs routes removal,6.5,ADJACENT_NETWORK,LOW,NONE,NONE,UNCHANGED,NONE,NONE,HIGH
CVE-2012-5527,2019-11-25T14:15Z,2019-12-11T16:00Z,Claws Mail vCalendar plugin: credentials exposed on interface,5.5,LOCAL,LOW,LOW,NONE,UNCHANGED,HIGH,NONE,NONE
CVE-2012-5535,2019-11-25T14:15Z,2019-12-09T15:40Z,gnome-system-log polkit policy allows arbitrary files on the system to be read,7.5,NETWORK,LOW,NONE,NONE,UNCHANGED,HIGH,NONE,NONE
CVE-2012-5558,2020-01-09T21:15Z,2020-01-14T16:17Z,"Cross-site scripting (XSS) vulnerability in the Smiley module 6.x-1.x versions prior to 6.x-1.1 and Smileys module 6.x-1.x versions prior to 6.x-1.1 for Drupal allows remote authenticated users with the ""administer smiley"" permission to inject arbitrary web script or HTML via a smiley acronym.",4.8,NETWORK,LOW,HIGH,REQUIRED,CHANGED,LOW,LOW,NONE
CVE-2012-5562,2019-12-02T19:15Z,2019-12-13T21:35Z,rhn-proxy: may transmit credentials over clear-text when accessing RHN Satellite,6.5,ADJACENT_NETWORK,LOW,NONE,NONE,UNCHANGED,HIGH,NONE,NONE
CVE-2012-5570,2020-02-08T19:15Z,2020-03-16T19:50Z,"The Basic webmail module 6.x-1.x before 6.x-1.2 for Drupal allows remote authenticated users with the ""access basic_webmail"" permission to read arbitrary users' email addresses.",4.3,NETWORK,LOW,LOW,NONE,UNCHANGED,LOW,NONE,NONE
CVE-2012-5577,2019-10-28T17:15Z,2019-10-31T20:11Z,Python keyring lib before 0.10 created keyring files with world-readable permissions.,7.5,NETWORK,LOW,NONE,NONE,UNCHANGED,HIGH,NONE,NONE
CVE-2012-5578,2019-11-25T13:15Z,2019-12-04T15:55Z,Python keyring has insecure permissions on new databases allowing world-readable files to be created,6.2,LOCAL,LOW,NONE,NONE,UNCHANGED,HIGH,NONE,NONE
CVE-2012-5582,2019-11-25T14:15Z,2019-12-09T17:10Z,opendnssec misuses libcurl API,9.8,NETWORK,LOW,NONE,NONE,UNCHANGED,HIGH,HIGH,HIGH
CVE-2012-5617,2019-11-25T14:15Z,2021-06-02T13:35Z,gksu-polkit: permissive PolicyKit policy configuration file allows privilege escalation,7.8,LOCAL,LOW,LOW,NONE,UNCHANGED,HIGH,HIGH,HIGH
CVE-2012-5618,2020-02-04T14:15Z,2020-02-12T15:52Z,Ushahidi before 2.6.1 has insufficient entropy for forgot-password tokens.,9.8,NETWORK,LOW,NONE,NONE,UNCHANGED,HIGH,HIGH,HIGH
CVE-2012-5623,2020-02-13T19:15Z,2020-03-10T17:31Z,Squirrelmail 4.0 uses the outdated MD5 hash algorithm for passwords.,7.5,NETWORK,LOW,NONE,NONE,UNCHANGED,HIGH,NONE,NONE
CVE-2012-5626,2020-01-23T19:15Z,2020-02-05T17:45Z,"EJB method in Red Hat JBoss BRMS 5; Red Hat JBoss Enterprise Application Platform 5; Red Hat JBoss Operations Network 3.1; Red Hat JBoss Portal 4 and 5; Red Hat JBoss SOA Platform 4.2, 4.3, and 5; in Red Hat JBoss Enterprise Web Server 1 ignores roles specified using the @RunAs annotation.",7.5,NETWORK,LOW,NONE,NONE,UNCHANGED,NONE,HIGH,NONE
CVE-2012-5628,2018-05-04T20:29Z,2018-06-07T17:19Z,"gofer before 0.68 uses world-writable permissions for /var/lib/gofer/journal/watchdog, which allows local users to cause a denial of service by removing journal entries.",4.4,LOCAL,LOW,LOW,NONE,UNCHANGED,NONE,LOW,LOW
CVE-2012-5630,2019-11-25T14:15Z,2019-12-04T15:43Z,libuser 0.56 and 0.57 has a TOCTOU (time-of-check time-of-use) race condition when copying and removing directory trees.,6.3,LOCAL,HIGH,LOW,NONE,UNCHANGED,NONE,HIGH,HIGH
CVE-2012-5631,2019-11-25T15:15Z,2019-12-09T15:07Z,ipa 3.0 does not properly check server identity before sending credential containing cookies,8.8,NETWORK,LOW,NONE,REQUIRED,UNCHANGED,HIGH,HIGH,HIGH
CVE-2012-5636,2017-10-30T19:29Z,2017-11-18T16:08Z,"Cross-site scripting (XSS) vulnerability in Apache Wicket 1.4.x before 1.4.22, 1.5.x before 1.5.10, and 6.x before 6.4.0 might allow remote attackers to inject arbitrary web script or HTML via vectors related to <script> tags in a rendered response.",6.1,NETWORK,LOW,NONE,REQUIRED,CHANGED,LOW,LOW,NONE
CVE-2012-5639,2019-12-20T14:15Z,2020-10-26T12:17Z,LibreOffice and OpenOffice automatically open embedded content,6.5,NETWORK,LOW,NONE,REQUIRED,UNCHANGED,HIGH,NONE,NONE
CVE-2012-5640,2019-11-25T15:15Z,2019-12-04T16:18Z,thttpd has a local DoS vulnerability via specially-crafted .htpasswd files,5.5,LOCAL,LOW,LOW,NONE,UNCHANGED,NONE,NONE,HIGH
CVE-2012-5644,2019-11-25T15:15Z,2020-08-18T15:05Z,libuser has information disclosure when moving user's home directory,5.5,LOCAL,LOW,LOW,NONE,UNCHANGED,HIGH,NONE,NONE
CVE-2012-5645,2019-12-30T20:15Z,2020-01-03T17:46Z,"A denial of service flaw was found in the way the server component of Freeciv before 2.3.4 processed certain packets. A remote attacker could send a specially-crafted packet that, when processed would lead to memory exhaustion or excessive CPU consumption.",7.5,NETWORK,LOW,NONE,NONE,UNCHANGED,NONE,NONE,HIGH
CVE-2012-5663,2019-12-30T22:15Z,2020-01-10T15:41Z,The isearch package (textproc/isearch) before 1.47.01nb1 uses the tempnam() function to create insecure temporary files into a publicly-writable area (/tmp).,7.5,NETWORK,LOW,NONE,NONE,UNCHANGED,NONE,HIGH,NONE
CVE-2012-5686,2020-02-04T14:15Z,2020-02-06T18:09Z,ZPanel 10.0.1 has insufficient entropy for its password reset process.,9.8,NETWORK,LOW,NONE,NONE,UNCHANGED,HIGH,HIGH,HIGH
CVE-2012-5693,2020-01-03T20:15Z,2020-01-17T15:17Z,Bulb Security Smartphone Pentest Framework (SPF) before 0.1.3 allows remote attackers to execute arbitrary commands via shell metacharacters in the ipAddressTB parameter to (1) remoteAttack.pl or (2) guessPassword.pl in frameworkgui/; the filename parameter to (3) CSAttack.pl or (4) SEAttack.pl in frameworkgui/; the phNo2Attack parameter to (5) CSAttack.pl or (6) SEAttack.pl in frameworkgui/; the (7) platformDD2 parameter to frameworkgui/SEAttack.pl; the (8) agentURLPath or (9) agentControlKey parameter to frameworkgui/attach2agents.pl; or the (10) controlKey parameter to frameworkgui/attachMobileModem.pl. NOTE: The hostingPath parameter to CSAttack.pl and SEAttack.pl vectors and the appURLPath parameter to attachMobileModem.pl vector are covered by CVE-2012-5878.,8.8,ADJACENT_NETWORK,LOW,NONE,NONE,UNCHANGED,HIGH,HIGH,HIGH
CVE-2012-5698,2020-01-23T15:15Z,2020-01-29T20:18Z,BabyGekko before 1.2.4 has SQL injection.,8.8,NETWORK,LOW,NONE,REQUIRED,UNCHANGED,HIGH,HIGH,HIGH
CVE-2012-5699,2020-01-23T15:15Z,2020-01-29T20:19Z,BabyGekko before 1.2.4 allows PHP file inclusion.,9.8,NETWORK,LOW,NONE,NONE,UNCHANGED,HIGH,HIGH,HIGH
CVE-2012-5776,2020-01-29T15:15Z,2020-01-31T13:32Z,"Dokeos 2.1.1 has multiple XSS issues involving ""extra_"" parameters in main/auth/profile.php.",5.4,NETWORK,LOW,LOW,REQUIRED,CHANGED,LOW,LOW,NONE
CVE-2012-5828,2020-02-10T16:15Z,2020-02-14T17:09Z,BlackBerry PlayBook before 2.1 has an Information Disclosure Vulnerability via a Web browser component error,6.5,NETWORK,LOW,NONE,REQUIRED,UNCHANGED,HIGH,NONE,NONE
CVE-2012-5830,2012-11-21T12:55Z,2020-08-13T17:31Z,"Use-after-free vulnerability in Mozilla Firefox before 17.0, Firefox ESR 10.x before 10.0.11, Thunderbird before 17.0, Thunderbird ESR 10.x before 10.0.11, and SeaMonkey before 2.14 on Mac OS X allows remote attackers to execute arbitrary code via an HTML document.",8.8,NETWORK,LOW,NONE,REQUIRED,UNCHANGED,HIGH,HIGH,HIGH
CVE-2012-5867,2020-01-23T15:15Z,2020-01-28T20:15Z,HT Editor 2.0.20 has a Remote Stack Buffer Overflow Vulnerability,9.8,NETWORK,LOW,NONE,NONE,UNCHANGED,HIGH,HIGH,HIGH
CVE-2012-5878,2020-01-03T20:15Z,2020-01-15T17:06Z,Bulb Security Smartphone Pentest Framework (SPF) 0.1.2 through 0.1.4 allows remote attackers to execute arbitrary commands via shell metacharacters in the hostingPath parameter to (1) SEAttack.pl or (2) CSAttack.pl in frameworkgui/ or the (3) appURLPath parameter to frameworkgui/attachMobileModem.pl.,9.8,NETWORK,LOW,NONE,NONE,UNCHANGED,HIGH,HIGH,HIGH
CVE-2012-6070,2019-11-19T17:15Z,2019-11-22T14:06Z,Falconpl before 0.9.6.9-git20120606 misuses the libcurl API which may allow remote attackers to interfere with security checks.,7.5,NETWORK,LOW,NONE,NONE,UNCHANGED,NONE,HIGH,NONE
CVE-2012-6071,2019-11-19T17:15Z,2020-08-18T15:05Z,nuSOAP before 0.7.3-5 does not properly check the hostname of a cert.,7.5,NETWORK,LOW,NONE,NONE,UNCHANGED,NONE,HIGH,NONE
CVE-2012-6077,2019-11-22T19:15Z,2019-12-03T19:38Z,W3 Total Cache before 0.9.2.5 allows remote attackers to retrieve password hash information due to insecure storage of database cache files.,7.5,NETWORK,LOW,NONE,NONE,UNCHANGED,HIGH,NONE,NONE
CVE-2012-6078,2019-11-22T19:15Z,2019-12-04T19:01Z,W3 Total Cache before 0.9.2.5 generates hash keys insecurely which allows remote attackers to predict the values of the hashes.,7.5,NETWORK,LOW,NONE,NONE,UNCHANGED,HIGH,NONE,NONE
CVE-2012-6079,2019-11-22T19:15Z,2019-12-04T19:02Z,W3 Total Cache before 0.9.2.5 exposes sensitive cached database information which allows remote attackers to download this information via their hash keys.,7.5,NETWORK,LOW,NONE,NONE,UNCHANGED,HIGH,NONE,NONE
CVE-2012-6083,2020-01-23T18:15Z,2020-01-27T14:00Z,Freeciv before 2.3.3 allows remote attackers to cause a denial of service via a crafted packet.,7.5,NETWORK,LOW,NONE,NONE,UNCHANGED,NONE,NONE,HIGH
CVE-2012-6091,2020-02-13T20:15Z,2020-02-21T13:20Z,Zend_XmlRpc Class in Magento before 1.7.0.2 contains an information disclosure vulnerability.,7.5,NETWORK,LOW,NONE,NONE,UNCHANGED,HIGH,NONE,NONE
CVE-2012-6094,2019-12-20T15:15Z,2020-11-16T20:46Z,cups (Common Unix Printing System) 'Listen localhost:631' option not honored correctly which could provide unauthorized access to the system,9.8,NETWORK,LOW,NONE,NONE,UNCHANGED,HIGH,HIGH,HIGH
CVE-2012-6111,2019-12-20T15:15Z,2020-01-02T15:24Z,gnome-keyring does not discard stored secrets when using gnome_keyring_lock_all_sync function,7.5,NETWORK,LOW,NONE,NONE,UNCHANGED,HIGH,NONE,NONE
CVE-2012-6114,2020-01-28T15:15Z,2020-02-07T17:54Z,The git-changelog utility in git-extras 1.7.0 allows local users to overwrite arbitrary files via a symlink attack on (1) /tmp/changelog or (2) /tmp/.git-effort.,5.5,LOCAL,LOW,LOW,NONE,UNCHANGED,NONE,HIGH,NONE
CVE-2012-6122,2019-10-31T21:15Z,2019-11-05T16:30Z,Buffer overflow in the thread scheduler in Chicken before 4.8.0.1 allows attackers to cause a denial of service (crash) by opening a file descriptor with a large integer value.,7.5,NETWORK,LOW,NONE,NONE,UNCHANGED,NONE,NONE,HIGH
CVE-2012-6123,2019-10-31T21:15Z,2020-08-18T15:05Z,"Chicken before 4.8.0 does not properly handle NUL bytes in certain strings, which allows an attacker to conduct ""poisoned NUL byte attack.""",6.5,NETWORK,LOW,NONE,REQUIRED,UNCHANGED,NONE,HIGH,NONE
CVE-2012-6124,2019-10-31T21:15Z,2019-11-06T15:42Z,"A casting error in Chicken before 4.8.0 on 64-bit platform caused the random number generator to return a constant value. NOTE: the vendor states ""This function wasn't used for security purposes (and is advertised as being unsuitable).""",5.3,NETWORK,LOW,NONE,NONE,UNCHANGED,NONE,LOW,NONE
CVE-2012-6125,2019-10-31T21:15Z,2019-11-05T15:17Z,Chicken before 4.8.0 is susceptible to algorithmic complexity attacks related to hash table collisions.,9.8,NETWORK,LOW,NONE,NONE,UNCHANGED,HIGH,HIGH,HIGH
CVE-2012-6133,2020-01-30T21:15Z,2020-01-31T20:48Z,Multiple cross-site scripting (XSS) vulnerabilities in Roundup before 1.4.20 allow remote attackers to inject arbitrary web script or HTML via the (1) @ok_message or (2) @error_message parameter to issue*.,6.1,NETWORK,LOW,NONE,REQUIRED,CHANGED,LOW,LOW,NONE
CVE-2012-6135,2019-11-19T17:15Z,2019-11-21T15:42Z,RubyGems passenger 4.0.0 betas 1 and 2 allows remote attackers to delete arbitrary files during the startup process.,7.5,NETWORK,LOW,NONE,NONE,UNCHANGED,NONE,HIGH,NONE
CVE-2012-6136,2019-11-20T15:15Z,2020-08-18T15:05Z,tuned 2.10.0 creates its PID file with insecure permissions which allows local users to kill arbitrary processes.,5.5,LOCAL,LOW,LOW,NONE,UNCHANGED,NONE,NONE,HIGH
CVE-2012-6277,2020-02-21T17:15Z,2020-03-04T20:18Z,"Multiple unspecified vulnerabilities in Autonomy KeyView IDOL before 10.16, as used in Symantec Mail Security for Microsoft Exchange before 6.5.8, Symantec Mail Security for Domino before 8.1.1, Symantec Messaging Gateway before 10.0.1, Symantec Data Loss Prevention (DLP) before 11.6.1, IBM Notes 8.5.x, IBM Lotus Domino 8.5.x before 8.5.3 FP4, and other products, allow remote attackers to execute arbitrary code or cause a denial of service (memory corruption) via a crafted file, related to ""a number of underlying issues"" in which ""some of these cases demonstrated memory corruption with attacker-controlled input and could be exploited to run arbitrary code.""",7.8,LOCAL,LOW,NONE,REQUIRED,UNCHANGED,HIGH,HIGH,HIGH
CVE-2012-6297,2020-02-06T18:15Z,2020-02-11T18:53Z,"Command Injection vulnerability exists via a CSRF in DD-WRT 24-sp2 from specially crafted configuration values containing shell meta-characters, which could let a remote malicious user cause a Denial of Service.",8.8,NETWORK,LOW,NONE,REQUIRED,UNCHANGED,HIGH,HIGH,HIGH
CVE-2012-6302,2020-01-24T15:15Z,2020-02-01T17:35Z,Soapbox through 0.3.1: Sandbox bypass - runs a second instance of Soapbox within a sandboxed Soapbox.,7.8,LOCAL,LOW,LOW,NONE,UNCHANGED,HIGH,HIGH,HIGH
CVE-2012-6306,2020-02-06T18:15Z,2020-02-10T15:53Z,A vulnerability exists in HCView (aka Hardcoreview) 1.4 due to a write access violation with a GIF file.,9.8,NETWORK,LOW,NONE,NONE,UNCHANGED,HIGH,HIGH,HIGH
CVE-2012-6307,2020-02-06T18:15Z,2020-02-10T15:24Z,"A vulnerability exists in JPEGsnoop 1.5.2 due to an unspecified issue in JPEG file handling, which could let a malicious user execute arbitrary code",8.8,NETWORK,LOW,LOW,NONE,UNCHANGED,HIGH,HIGH,HIGH
CVE-2012-6309,2020-02-06T18:15Z,2020-02-10T15:16Z,"A vulnerability exists in Arctic Torrent 1.4 via unspecified vectors in .torrent file handling, which could let a malicious user cause a Denial of Service.",7.5,NETWORK,LOW,NONE,NONE,UNCHANGED,NONE,NONE,HIGH
CVE-2012-6340,2020-02-06T18:15Z,2020-02-11T18:33Z,"An Authentication vulnerability exists in NETGEAR WGR614 v7 and v9 due to a hardcoded credential used for serial programming, a related issue to CVE-2006-1002.",4.6,PHYSICAL,LOW,NONE,NONE,UNCHANGED,HIGH,NONE,NONE
CVE-2012-6341,2020-02-06T19:15Z,2020-02-12T16:15Z,"An Information Disclosure vulnerability exists in the my config file in NEtGEAR WGR614 v7 and v9, which could let a malicious user recover all previously used passwords on the device, for both the control panel and WEP/WPA/WPA2, in plaintext. This is a different issue than CVE-2012-6340.",6.5,NETWORK,LOW,LOW,NONE,UNCHANGED,HIGH,NONE,NONE
CVE-2012-6344,2020-01-25T19:15Z,2020-01-27T13:37Z,Novell ZENworks Configuration Management before 11.2.4 allows XSS.,6.1,NETWORK,LOW,NONE,REQUIRED,CHANGED,LOW,LOW,NONE
CVE-2012-6345,2020-01-25T19:15Z,2020-01-27T14:38Z,Novell ZENworks Configuration Management before 11.2.4 allows obtaining sensitive trace information.,7.5,NETWORK,LOW,NONE,NONE,UNCHANGED,HIGH,NONE,NONE
CVE-2012-6346,2018-02-09T22:29Z,2018-02-27T19:43Z,Multiple cross-site scripting (XSS) vulnerabilities in FortiWeb before 4.4.4 allow remote attackers to inject arbitrary web script or HTML via the (1) redir or (2) mkey parameter to waf/pcre_expression/validate.,6.1,NETWORK,LOW,NONE,REQUIRED,CHANGED,LOW,LOW,NONE
CVE-2012-6347,2018-02-09T22:29Z,2018-02-27T15:59Z,"Multiple cross-site scripting (XSS) vulnerabilities in Java number format exception handling in FortiGate FortiDB before 4.4.2 allow remote attackers to inject arbitrary web script or HTML via the conversationContext parameter to (1) admin/auditTrail.jsf, (2) mapolicymgmt/targetsMonitorView.jsf, (3) vascan/globalsummary.jsf, (4) vaerrorlog/vaErrorLog.jsf, (5) database/listTargetGroups.jsf, (6) sysconfig/listSystemInfo.jsf, (7) vascan/list.jsf, (8) network/router.jsf, (9) mapolicymgmt/editPolicyProfile.jsf, or (10) mapolicymgmt/maPolicyMasterList.jsf.",6.1,NETWORK,LOW,NONE,REQUIRED,CHANGED,LOW,LOW,NONE
CVE-2012-6448,2020-01-27T22:15Z,2020-01-29T20:34Z,Cross-site Scripting (XSS) in cPanel WebHost Manager (WHM) 11.34.0 allows remote attackers to inject arbitrary web script or HTML via unspecified vectors.,6.1,NETWORK,LOW,NONE,REQUIRED,CHANGED,LOW,LOW,NONE
CVE-2012-6449,2020-02-10T15:15Z,2020-02-13T14:40Z,The clientconf.html and detailbw.html pages in x3 in cPanel & WHM 11.34.0 (build 8) have a XSS vulnerability.,5.4,NETWORK,LOW,LOW,REQUIRED,CHANGED,LOW,LOW,NONE
CVE-2012-6451,2020-01-24T15:15Z,2020-01-30T21:02Z,Lorex LNC116 and LNC104 IP Cameras have a Remote Authentication Bypass Vulnerability,9.8,NETWORK,LOW,NONE,NONE,UNCHANGED,HIGH,HIGH,HIGH
CVE-2012-6494,2020-01-25T19:15Z,2020-01-30T18:43Z,Rapid7 Nexpose before 5.5.4 contains a session hijacking vulnerability which allows remote attackers to capture a user's session and gain unauthorized access.,6.1,NETWORK,LOW,NONE,REQUIRED,CHANGED,LOW,LOW,NONE
CVE-2012-6609,2020-01-28T17:15Z,2020-02-04T18:57Z,Directory traversal vulnerability in a_getlog.cgi in Polycom HDX Video End Points before 3.0.4 and UC APL before 2.7.1.J allows remote attackers to read arbitrary files via a .. (dot dot) in the name parameter.,7.5,NETWORK,LOW,NONE,NONE,UNCHANGED,HIGH,NONE,NONE
CVE-2012-6610,2020-01-28T17:15Z,2020-02-04T19:56Z,Polycom HDX Video End Points before 3.0.4 and UC APL before 2.7.1.J allows remote authenticated users to execute arbitrary commands as demonstrated by a ; (semicolon) to the ping command feature.,8.8,NETWORK,LOW,LOW,NONE,UNCHANGED,HIGH,HIGH,HIGH
CVE-2012-6611,2020-02-10T15:15Z,2020-02-14T15:42Z,"An issue was discovered in Polycom Web Management Interface G3/HDX 8000 HD with Durango 2.6.0 4740 software and embedded Polycom Linux Development Platform 2.14.g3. It has a blank administrative password by default, and can be successfully used without setting this password.",9.8,NETWORK,LOW,NONE,NONE,UNCHANGED,HIGH,HIGH,HIGH
CVE-2012-6613,2020-01-25T19:15Z,2020-01-30T18:58Z,D-Link DSR-250N devices with firmware 1.05B73_WW allow Persistent Root Access because of the admin password for the admin account.,7.2,NETWORK,LOW,HIGH,NONE,UNCHANGED,HIGH,HIGH,HIGH
CVE-2012-6614,2020-02-19T15:15Z,2020-03-05T17:44Z,"D-Link DSR-250N devices before 1.08B31 allow remote authenticated users to obtain ""persistent root access"" via the BusyBox CLI, as demonstrated by overwriting the super user password.",7.2,NETWORK,LOW,HIGH,NONE,UNCHANGED,HIGH,HIGH,HIGH
CVE-2012-6639,2019-11-25T18:15Z,2020-08-18T15:05Z,An privilege elevation vulnerability exists in Cloud-init before 0.7.0 when requests to an untrusted system are submitted for EC2 instance data.,8.8,NETWORK,LOW,LOW,NONE,UNCHANGED,HIGH,HIGH,HIGH
CVE-2012-6649,2020-01-23T22:15Z,2020-01-29T17:44Z,WordPress WP GPX Maps Plugin 1.1.21 allows remote attackers to execute arbitrary PHP code via improper file upload.,9.8,NETWORK,LOW,NONE,NONE,UNCHANGED,HIGH,HIGH,HIGH
CVE-2012-6652,2019-05-13T14:29Z,2019-05-13T17:28Z,Directory traversal vulnerability in pageflipbook.php script from index.php in Page Flip Book plugin for WordPress (wppageflip) allows remote attackers to include and execute arbitrary local files via a .. (dot dot) in the pageflipbook_language parameter.,9.8,NETWORK,LOW,NONE,NONE,UNCHANGED,HIGH,HIGH,HIGH
CVE-2012-6655,2019-11-27T18:15Z,2020-08-18T15:05Z,An issue exists AccountService 0.6.37 in the user_change_password_authorized_cb() function in user.c which could let a local users obtain encrypted passwords.,3.3,LOCAL,LOW,LOW,NONE,UNCHANGED,LOW,NONE,NONE
CVE-2012-6663,2020-01-23T22:15Z,2020-01-28T20:10Z,General Electric D20ME devices are not properly configured and reveal plaintext passwords.,7.5,NETWORK,LOW,NONE,NONE,UNCHANGED,HIGH,NONE,NONE
CVE-2012-6666,2020-02-10T14:15Z,2020-02-11T17:40Z,vBSeo before 3.6.0PL2 allows XSS via the member.php u parameter.,6.1,NETWORK,LOW,NONE,REQUIRED,CHANGED,LOW,LOW,NONE
CVE-2012-6667,2018-01-11T16:29Z,2018-01-29T13:07Z,Cross-site scripting (XSS) vulnerability in vbshout.php in DragonByte Technologies vBShout module for vBulletin allows remote attackers to inject arbitrary web script or HTML via the shout parameter in a shout action.,6.1,NETWORK,LOW,NONE,REQUIRED,CHANGED,LOW,LOW,NONE
CVE-2012-6668,2018-01-11T20:29Z,2018-01-31T14:35Z,Multiple cross-site scripting (XSS) vulnerabilities in the Shout Reports in the DragonByte Technologies vBShout module before 6.0.6 for vBulletin allow remote attackers to inject arbitrary web script or HTML via the (1) reportreason parameter in actions/doreport.php or (2) modnotes parameter in actions/updatereport.php.,6.1,NETWORK,LOW,NONE,REQUIRED,CHANGED,LOW,LOW,NONE
CVE-2012-6670,2018-01-11T20:29Z,2018-01-31T14:38Z,Multiple cross-site scripting (XSS) vulnerabilities in the DragonByte Technologies vbActivity module before 3.0.1 for vBulletin allow remote attackers to inject arbitrary web script or HTML via the reason parameter in (1) actions/nominatemedal.php or (2) actions/requestmedal.php.,6.1,NETWORK,LOW,NONE,REQUIRED,CHANGED,LOW,LOW,NONE
CVE-2012-6671,2018-01-11T20:29Z,2018-01-31T14:40Z,"Multiple cross-site scripting (XSS) vulnerabilities in actions/main.php in the DragonByte Technologies Forumon RPG module before 1.0.8 for vBulletin when creating a new monster, allow remote attackers to inject arbitrary web script or HTML via the (1) monster[title] or (2) monster[description] parameters.",6.1,NETWORK,LOW,NONE,REQUIRED,CHANGED,LOW,LOW,NONE
CVE-2012-6682,2018-01-11T20:29Z,2018-01-31T14:48Z,Cross-site scripting (XSS) vulnerability in downloads/actions/editdownload.php in the DragonByte Technologies vBDownloads module 1.3.2 and earlier for vBulletin allows remote attackers to inject arbitrary web script or HTML via the mirrors[] parameter.,6.1,NETWORK,LOW,NONE,REQUIRED,CHANGED,LOW,LOW,NONE
CVE-2012-6685,2020-02-19T15:15Z,2021-07-15T19:16Z,Nokogiri before 1.5.4 is vulnerable to XXE attacks,7.5,NETWORK,LOW,NONE,NONE,UNCHANGED,HIGH,NONE,NONE
CVE-2012-6689,2016-05-02T10:59Z,2016-11-28T19:08Z,"The netlink_sendmsg function in net/netlink/af_netlink.c in the Linux kernel before 3.5.5 does not validate the dst_pid field, which allows local users to have an unspecified impact by spoofing Netlink messages.",7.8,LOCAL,LOW,LOW,NONE,UNCHANGED,HIGH,HIGH,HIGH
CVE-2012-6696,2017-09-25T21:29Z,2020-09-14T12:33Z,inspircd in Debian before 2.0.7 does not properly handle unsigned integers.  NOTE: This vulnerability exists because of an incomplete fix to CVE-2012-1836.,9.8,NETWORK,LOW,NONE,NONE,UNCHANGED,HIGH,HIGH,HIGH
CVE-2012-6697,2017-04-13T14:59Z,2017-04-19T19:29Z,InspIRCd before 2.0.7 allows remote attackers to cause a denial of service (infinite loop).,7.5,NETWORK,LOW,NONE,NONE,UNCHANGED,NONE,NONE,HIGH
CVE-2012-6698,2016-04-11T15:59Z,2016-04-13T15:07Z,The decode_search function in dhcp.c in dhcpcd 3.x allows remote DHCP servers to cause a denial of service (out-of-bounds write) via a crafted response.,7.5,NETWORK,LOW,NONE,NONE,UNCHANGED,NONE,NONE,HIGH
CVE-2012-6699,2016-04-11T15:59Z,2016-04-13T15:48Z,The decode_search function in dhcp.c in dhcpcd 3.x allows remote DHCP servers to cause a denial of service (out-of-bounds read) via a crafted response.,7.5,NETWORK,LOW,NONE,NONE,UNCHANGED,NONE,NONE,HIGH
CVE-2012-6700,2016-04-11T15:59Z,2016-04-13T15:49Z,"The decode_search function in dhcp.c in dhcpcd 3.x does not properly free allocated memory, which allows remote DHCP servers to cause a denial of service via a crafted response.",7.5,NETWORK,LOW,NONE,NONE,UNCHANGED,NONE,NONE,HIGH
CVE-2012-6701,2016-05-02T10:59Z,2018-06-20T01:29Z,Integer overflow in fs/aio.c in the Linux kernel before 3.4.1 allows local users to cause a denial of service or possibly have unspecified other impact via a large AIO iovec.,7.8,LOCAL,LOW,LOW,NONE,UNCHANGED,HIGH,HIGH,HIGH
CVE-2012-6702,2016-06-16T18:59Z,2021-01-25T15:44Z,"Expat, when used in a parser that has not called XML_SetHashSalt or passed it a seed of 0, makes it easier for context-dependent attackers to defeat cryptographic protection mechanisms via vectors involving use of the srand function.",5.9,NETWORK,HIGH,NONE,NONE,UNCHANGED,NONE,HIGH,NONE
CVE-2012-6703,2016-06-29T14:10Z,2017-09-01T01:29Z,Integer overflow in the snd_compr_allocate_buffer function in sound/core/compress_offload.c in the ALSA subsystem in the Linux kernel before 3.6-rc6-next-20120917 allows local users to cause a denial of service (insufficient memory allocation) or possibly have unspecified other impact via a crafted SNDRV_COMPRESS_SET_PARAMS ioctl call.,7.8,LOCAL,LOW,LOW,NONE,UNCHANGED,HIGH,HIGH,HIGH
CVE-2012-6704,2016-12-28T07:59Z,2016-12-31T02:59Z,"The sock_setsockopt function in net/core/sock.c in the Linux kernel before 3.5 mishandles negative values of sk_sndbuf and sk_rcvbuf, which allows local users to cause a denial of service (memory corruption and system crash) or possibly have unspecified other impact by leveraging the CAP_NET_ADMIN capability for a crafted setsockopt system call with the (1) SO_SNDBUF or (2) SO_RCVBUF option.",7.8,LOCAL,LOW,LOW,NONE,UNCHANGED,HIGH,HIGH,HIGH
CVE-2012-6705,2017-06-04T22:29Z,2017-06-09T15:24Z,Cross Site Scripting (XSS) exists in Jamroom before 4.2.7 via the Status Update field.,6.1,NETWORK,LOW,NONE,REQUIRED,CHANGED,LOW,LOW,NONE
CVE-2012-6706,2017-06-22T13:29Z,2018-10-21T10:29Z,"A VMSF_DELTA memory corruption was discovered in unrar before 5.5.5, as used in Sophos Anti-Virus Threat Detection Engine before 3.37.2 and other products, that can lead to arbitrary code execution. An integer overflow can be caused in DataSize+CurChannel. The result is a negative value of the ""DestPos"" variable, which allows the attacker to write out of bounds when setting Mem[DestPos].",9.8,NETWORK,LOW,NONE,NONE,UNCHANGED,HIGH,HIGH,HIGH
CVE-2012-6707,2017-10-19T19:29Z,2017-11-13T17:06Z,"WordPress through 4.8.2 uses a weak MD5-based password hashing algorithm, which makes it easier for attackers to determine cleartext values by leveraging access to the hash values. NOTE: the approach to changing this may not be fully compatible with certain use cases, such as migration of a WordPress site from a web host that uses a recent PHP version to a different web host that uses PHP 5.2. These use cases are plausible (but very unlikely) based on statistics showing widespread deployment of WordPress with obsolete PHP versions.",7.5,NETWORK,LOW,NONE,NONE,UNCHANGED,HIGH,NONE,NONE
CVE-2012-6708,2018-01-18T23:29Z,2021-03-25T16:15Z,"jQuery before 1.9.0 is vulnerable to Cross-site Scripting (XSS) attacks. The jQuery(strInput) function does not differentiate selectors from HTML in a reliable fashion. In vulnerable versions, jQuery determined whether the input was HTML by looking for the '<' character anywhere in the string, giving attackers more flexibility when attempting to construct a malicious payload. In fixed versions, jQuery only deems the input to be HTML if it explicitly starts with the '<' character, limiting exploitability only to attackers who can control the beginning of a string, which is far less common.",6.1,NETWORK,LOW,NONE,REQUIRED,CHANGED,LOW,LOW,NONE
CVE-2012-6709,2018-02-23T17:29Z,2018-03-20T19:14Z,ELinks 0.12 and Twibright Links 2.3 have Missing SSL Certificate Validation.,5.9,NETWORK,HIGH,NONE,NONE,UNCHANGED,HIGH,NONE,NONE
CVE-2012-6710,2018-10-07T18:29Z,2019-01-08T16:20Z,ext_find_user in eXtplorer through 2.1.2 allows remote attackers to bypass authentication via a password[]= (aka an empty array) in an action=login request to index.php.,9.8,NETWORK,LOW,NONE,NONE,UNCHANGED,HIGH,HIGH,HIGH
CVE-2012-6711,2019-06-18T18:15Z,2019-06-20T09:15Z,"A heap-based buffer overflow exists in GNU Bash before 4.3 when wide characters, not supported by the current locale set in the LC_CTYPE environment variable, are printed through the echo built-in function. A local attacker, who can provide data to print through the ""echo -e"" built-in function, may use this flaw to crash a script or execute code with the privileges of the bash process. This occurs because ansicstr() in lib/sh/strtrans.c mishandles u32cconv().",7.8,LOCAL,LOW,LOW,NONE,UNCHANGED,HIGH,HIGH,HIGH
CVE-2012-6712,2019-07-27T22:15Z,2019-08-01T14:03Z,"In the Linux kernel before 3.4, a buffer overflow occurs in drivers/net/wireless/iwlwifi/iwl-agn-sta.c, which will cause at least memory corruption.",9.8,NETWORK,LOW,NONE,NONE,UNCHANGED,HIGH,HIGH,HIGH
CVE-2012-6713,2019-08-13T17:15Z,2019-08-16T12:43Z,The job-manager plugin before 0.7.19 for WordPress has multiple XSS issues.,6.1,NETWORK,LOW,NONE,REQUIRED,CHANGED,LOW,LOW,NONE
CVE-2012-6714,2019-08-21T19:15Z,2019-08-22T18:48Z,The count-per-day plugin before 3.2.3 for WordPress has XSS via search words.,6.1,NETWORK,LOW,NONE,REQUIRED,CHANGED,LOW,LOW,NONE
CVE-2012-6715,2019-08-21T18:15Z,2019-08-22T18:48Z,The formbuilder plugin before 0.9.1 for WordPress has XSS via a Referer header.,6.1,NETWORK,LOW,NONE,REQUIRED,CHANGED,LOW,LOW,NONE
CVE-2012-6716,2019-08-22T13:15Z,2019-08-26T12:46Z,The events-manager plugin before 5.1.7 for WordPress has XSS via JSON call links.,6.1,NETWORK,LOW,NONE,REQUIRED,CHANGED,LOW,LOW,NONE
CVE-2012-6717,2019-08-28T12:15Z,2019-08-30T20:16Z,"The redirection plugin before 2.2.12 for WordPress has XSS, a different issue than CVE-2011-4562.",6.1,NETWORK,LOW,NONE,REQUIRED,CHANGED,LOW,LOW,NONE
CVE-2012-6718,2019-08-28T12:15Z,2019-08-28T22:02Z,"The sharebar plugin before 1.2.2 for WordPress has XSS, a different issue than CVE-2013-3491.",6.1,NETWORK,LOW,NONE,REQUIRED,CHANGED,LOW,LOW,NONE
CVE-2012-6719,2019-08-28T12:15Z,2019-08-28T22:02Z,The sharebar plugin before 1.2.2 for WordPress has SQL injection.,9.8,NETWORK,LOW,NONE,NONE,UNCHANGED,HIGH,HIGH,HIGH
CVE-2012-6720,2020-02-11T20:15Z,2020-02-12T21:05Z,"Multiple cross-site scripting (XSS) vulnerabilities in SocialEngine before 4.2.4 allow remote attackers to inject arbitrary web script or HTML via the (1) title parameter to music/create, (2) location parameter to events/create, or (3) search parameter to widget/index/content_id/*.",6.1,NETWORK,LOW,NONE,REQUIRED,CHANGED,LOW,LOW,NONE
CVE-2012-6721,2020-02-11T20:15Z,2020-02-12T20:27Z,"Multiple cross-site request forgery (CSRF) vulnerabilities in the (1) Forum, (2) Event, and (3) Classifieds plugins in SocialEngine before 4.2.4.",6.3,NETWORK,LOW,NONE,REQUIRED,UNCHANGED,LOW,LOW,LOW
