CVE_ID,PublishTime,ModifyTime,Report,CVSSV3,AttackVector,AttackComplexity,PrivilegesRequired,UserInteraction,Scope,ConfidentialityImpact,IntegrityImpact,AvailabilityImpact
CVE-2010-0109,2018-02-19T19:29Z,2018-03-18T16:20Z,DBManager in Symantec Altiris Deployment Solution 6.9.x before DS 6.9 SP4 allows remote attackers to cause a denial of service via a crafted request.,6.5,ADJACENT_NETWORK,LOW,NONE,NONE,UNCHANGED,NONE,NONE,HIGH
CVE-2010-0206,2019-10-30T21:15Z,2019-11-01T18:51Z,xpdf allows remote attackers to cause a denial of service (NULL pointer dereference and crash) in the way it processes JBIG2 PDF stream objects.,5.5,LOCAL,LOW,NONE,REQUIRED,UNCHANGED,NONE,NONE,HIGH
CVE-2010-0207,2019-10-30T21:15Z,2019-11-01T18:59Z,"In xpdf, the xref table contains an infinite loop which allows remote attackers to cause a denial of service (application crash) in xpdf-based PDF viewers.",5.5,LOCAL,LOW,NONE,REQUIRED,UNCHANGED,NONE,NONE,HIGH
CVE-2010-0398,2019-10-30T22:15Z,2019-11-05T16:22Z,The init script in autokey before 0.61.3-2 allows local attackers to write to arbitrary files via a symlink attack.,6.5,NETWORK,LOW,LOW,NONE,UNCHANGED,NONE,HIGH,NONE
CVE-2010-0467,2010-02-02T17:30Z,2019-09-27T16:53Z,Directory traversal vulnerability in the ccNewsletter (com_ccnewsletter) component 1.0.5 for Joomla! allows remote attackers to read arbitrary files via a .. (dot dot) in the controller parameter in a ccnewsletter action to index.php.,5.8,NETWORK,LOW,NONE,NONE,CHANGED,LOW,NONE,NONE
CVE-2010-0737,2019-10-30T23:15Z,2019-11-05T16:04Z,"A missing permission check was found in The CLI in JBoss Operations Network before 2.3.1 does not properly check permissions, which allows JBoss ON users to perform management tasks and configuration changes with the privileges of the administrator user.",8.0,ADJACENT_NETWORK,LOW,LOW,NONE,UNCHANGED,HIGH,HIGH,HIGH
CVE-2010-0747,2019-10-30T23:15Z,2019-11-07T19:54Z,"drbd8 allows local users to bypass intended restrictions for certain actions via netlink packets, similar to CVE-2009-3725.",7.8,LOCAL,LOW,LOW,NONE,UNCHANGED,HIGH,HIGH,HIGH
CVE-2010-0748,2019-10-30T23:15Z,2020-08-18T15:05Z,Transmission before 1.92 allows an attacker to cause a denial of service (crash) or possibly have other unspecified impact via a large number of tr arguments in a magnet link.,9.8,NETWORK,LOW,NONE,NONE,UNCHANGED,HIGH,HIGH,HIGH
CVE-2010-0749,2019-10-30T23:15Z,2020-08-18T15:05Z,Transmission before 1.92 allows attackers to prevent download of a file by corrupted data during the endgame.,5.3,NETWORK,LOW,NONE,NONE,UNCHANGED,NONE,NONE,LOW
CVE-2010-1205,2010-06-30T18:30Z,2020-08-14T15:50Z,"Buffer overflow in pngpread.c in libpng before 1.2.44 and 1.4.x before 1.4.3, as used in progressive applications, might allow remote attackers to execute arbitrary code via a PNG image that triggers an additional data row.",9.8,NETWORK,LOW,NONE,NONE,UNCHANGED,HIGH,HIGH,HIGH
CVE-2010-1323,2010-12-02T16:22Z,2020-01-21T15:46Z,"MIT Kerberos 5 (aka krb5) 1.3.x, 1.4.x, 1.5.x, 1.6.x, 1.7.x, and 1.8.x through 1.8.3 does not properly determine the acceptability of checksums, which might allow remote attackers to modify user-visible prompt text, modify a response to a Key Distribution Center (KDC), or forge a KRB-SAFE message via certain checksums that (1) are unkeyed or (2) use RC4 keys.",3.7,NETWORK,HIGH,NONE,NONE,UNCHANGED,NONE,LOW,NONE
CVE-2010-1324,2010-12-02T16:22Z,2020-01-21T15:46Z,"MIT Kerberos 5 (aka krb5) 1.7.x and 1.8.x through 1.8.3 does not properly determine the acceptability of checksums, which might allow remote attackers to forge GSS tokens, gain privileges, or have unspecified other impact via (1) an unkeyed checksum, (2) an unkeyed PAC checksum, or (3) a KrbFastArmoredReq checksum based on an RC4 key.",3.7,NETWORK,HIGH,NONE,NONE,UNCHANGED,NONE,LOW,NONE
CVE-2010-1432,2021-06-21T23:15Z,2021-06-25T15:38Z,Joomla! Core is prone to an information disclosure vulnerability. Attackers can exploit this issue to obtain sensitive information that may help in launching further attacks. Joomla! Core versions 1.5.x ranging from 1.5.0 and up to and including 1.5.15 are vulnerable.,7.5,NETWORK,LOW,NONE,NONE,UNCHANGED,HIGH,NONE,NONE
CVE-2010-1433,2021-06-21T23:15Z,2021-06-25T15:41Z,Joomla! Core is prone to a vulnerability that lets attackers upload arbitrary files because the application fails to properly verify user-supplied input. An attacker can exploit this vulnerability to upload arbitrary code and run it in the context of the webserver process. This may facilitate unauthorized access or privilege escalation; other attacks are also possible. Joomla! Core versions 1.5.x ranging from 1.5.0 and up to and including 1.5.15 are vulnerable.,9.8,NETWORK,LOW,NONE,NONE,UNCHANGED,HIGH,HIGH,HIGH
CVE-2010-1434,2021-06-21T23:15Z,2021-06-25T15:36Z,"Joomla! Core is prone to a session fixation vulnerability. An attacker may leverage this issue to hijack an arbitrary session and gain access to sensitive information, which may help in launching further attacks. Joomla! Core versions 1.5.x ranging from 1.5.0 and up to and including 1.5.15 are vulnerable.",7.5,NETWORK,LOW,NONE,NONE,UNCHANGED,HIGH,NONE,NONE
CVE-2010-1435,2021-06-21T23:15Z,2021-09-20T17:12Z,Joomla! Core is prone to a security bypass vulnerability. Exploiting this issue may allow attackers to perform otherwise restricted actions and subsequently retrieve password reset tokens from the database through an already existing SQL injection vector. Joomla! Core versions 1.5.x ranging from 1.5.0 and up to and including 1.5.15 are vulnerable.,9.8,NETWORK,LOW,NONE,NONE,UNCHANGED,HIGH,HIGH,HIGH
CVE-2010-1673,2019-10-30T23:15Z,2019-10-31T02:31Z,A cross-site scripting (XSS) vulnerability in ikiwiki before 3.20101112 allows remote attackers to inject arbitrary web script or HTML via a comment.,6.1,NETWORK,LOW,NONE,REQUIRED,CHANGED,LOW,LOW,NONE
CVE-2010-1678,2019-10-29T21:15Z,2021-06-01T13:57Z,"Mapserver 5.2, 5.4 and 5.6 before 5.6.5-2 improperly validates symbol index values during Mapfile parsing.",7.5,NETWORK,LOW,NONE,NONE,UNCHANGED,NONE,NONE,HIGH
CVE-2010-1772,2010-09-24T19:00Z,2020-08-14T16:22Z,"Use-after-free vulnerability in page/Geolocation.cpp in WebCore in WebKit before r59859, as used in Google Chrome before 5.0.375.70, allows remote attackers to execute arbitrary code or cause a denial of service (application crash) via a crafted web site, related to failure to stop timers associated with geolocation upon deletion of a document.",8.8,NETWORK,LOW,NONE,REQUIRED,UNCHANGED,HIGH,HIGH,HIGH
CVE-2010-1773,2010-09-24T19:00Z,2020-08-14T16:23Z,"Off-by-one error in the toAlphabetic function in rendering/RenderListMarker.cpp in WebCore in WebKit before r59950, as used in Google Chrome before 5.0.375.70, allows remote attackers to obtain sensitive information, cause a denial of service (memory corruption and application crash), or possibly execute arbitrary code via vectors related to list markers for HTML lists, aka rdar problem 8009118.",8.8,NETWORK,LOW,NONE,REQUIRED,UNCHANGED,HIGH,HIGH,HIGH
CVE-2010-1776,2017-04-24T19:59Z,2017-05-09T12:57Z,"Find My iPhone on iOS 2.0 through 3.1.3 for iPhone 3G and later and iOS 2.1 through 3.1.3 for iPod touch (2nd generation) and later, when Find My iPhone is disabled, allows remote authenticated users with an associated MobileMe account to wipe the device.",4.8,NETWORK,HIGH,LOW,REQUIRED,UNCHANGED,NONE,NONE,HIGH
CVE-2010-1816,2017-04-13T16:59Z,2017-04-21T15:16Z,Buffer overflow in ImageIO in Apple Mac OS X 10.6 through 10.6.3 and Mac OS X Server 10.6 through 10.6.3 allows remote attackers to execute arbitrary code or cause a denial of service (crash) via a crafted image.,7.8,LOCAL,LOW,NONE,REQUIRED,UNCHANGED,HIGH,HIGH,HIGH
CVE-2010-1821,2017-04-13T16:59Z,2017-04-21T00:50Z,Apple Mac OS X 10.6 through 10.6.3 and Mac OS X Server 10.6 through 10.6.3 allows local users to obtain system privileges.,7.8,LOCAL,LOW,LOW,NONE,UNCHANGED,HIGH,HIGH,HIGH
CVE-2010-1822,2010-10-04T21:00Z,2020-08-03T18:32Z,"WebKit, as used in Apple Safari before 4.1.3 and 5.0.x before 5.0.3 and Google Chrome before 6.0.472.62, does not properly perform a cast of an unspecified variable, which allows remote attackers to execute arbitrary code or cause a denial of service (application crash) via an SVG element in a non-SVG document.",8.8,NETWORK,LOW,NONE,REQUIRED,UNCHANGED,HIGH,HIGH,HIGH
CVE-2010-2061,2019-10-29T22:15Z,2019-11-05T20:41Z,"rpcbind 0.2.0 does not properly validate (1) /tmp/portmap.xdr and (2) /tmp/rpcbind.xdr, which can be created by an attacker before the daemon is started.",7.8,LOCAL,LOW,LOW,NONE,UNCHANGED,HIGH,HIGH,HIGH
CVE-2010-2064,2019-10-29T22:15Z,2019-11-05T20:33Z,rpcbind 0.2.0 allows local users to write to arbitrary files or gain privileges via a symlink attack on (1) /tmp/portmap.xdr and (2) /tmp/rpcbind.xdr.,7.1,LOCAL,LOW,LOW,NONE,UNCHANGED,HIGH,HIGH,NONE
CVE-2010-2066,2010-09-08T20:00Z,2020-08-14T15:58Z,The mext_check_arguments function in fs/ext4/move_extent.c in the Linux kernel before 2.6.35 allows local users to overwrite an append-only file via a MOVE_EXT ioctl call that specifies this file as a donor.,5.5,LOCAL,LOW,LOW,NONE,UNCHANGED,NONE,HIGH,NONE
CVE-2010-2222,2019-11-05T20:15Z,2019-11-08T18:49Z,The _ger_parse_control function in Red Hat Directory Server 8 and the 389 Directory Server allows attackers to cause a denial of service (NULL pointer dereference) via a crafted search query.,7.5,NETWORK,LOW,NONE,NONE,UNCHANGED,NONE,NONE,HIGH
CVE-2010-2232,2017-10-23T13:29Z,2017-10-27T01:29Z,"In Apache Derby 10.1.2.1, 10.2.2.0, 10.3.1.4, and 10.4.1.3, Export processing may allow an attacker to overwrite an existing file.",7.5,NETWORK,LOW,NONE,NONE,UNCHANGED,NONE,HIGH,NONE
CVE-2010-2243,2019-11-07T17:15Z,2019-11-22T17:15Z,"A vulnerability exists in kernel/time/clocksource.c in the Linux kernel before 2.6.34 where on non-GENERIC_TIME systems (GENERIC_TIME=n), accessing /sys/devices/system/clocksource/clocksource0/current_clocksource results in an OOPS.",7.5,NETWORK,LOW,NONE,NONE,UNCHANGED,NONE,NONE,HIGH
CVE-2010-2245,2017-08-08T21:29Z,2017-08-16T17:36Z,XML External Entity (XXE) vulnerability in Apache Wink 1.1.1 and earlier allows remote attackers to read arbitrary files or cause a denial of service via a crafted XML document.,7.4,NETWORK,HIGH,NONE,NONE,UNCHANGED,HIGH,NONE,HIGH
CVE-2010-2247,2019-11-06T17:15Z,2020-01-12T03:15Z,makepasswd 1.10 default settings generate insecure passwords,7.5,NETWORK,LOW,NONE,NONE,UNCHANGED,HIGH,NONE,NONE
CVE-2010-2249,2010-06-30T18:30Z,2020-08-14T15:51Z,"Memory leak in pngrutil.c in libpng before 1.2.44, and 1.4.x before 1.4.3, allows remote attackers to cause a denial of service (memory consumption and application crash) via a PNG image containing malformed Physical Scale (aka sCAL) chunks.",6.5,NETWORK,LOW,NONE,REQUIRED,UNCHANGED,NONE,NONE,HIGH
CVE-2010-2250,2019-11-07T18:15Z,2021-04-30T19:19Z,Drupal 5.x and 6.x before 6.16 uses a user-supplied value in output during site installation which could allow an attacker to craft a URL and perform a cross-site scripting attack.,6.1,NETWORK,LOW,NONE,REQUIRED,CHANGED,LOW,LOW,NONE
CVE-2010-2446,2019-11-06T17:15Z,2019-11-08T18:31Z,Rbot Reaction plugin allows command execution,9.8,NETWORK,LOW,NONE,NONE,UNCHANGED,HIGH,HIGH,HIGH
CVE-2010-2447,2019-11-07T20:15Z,2019-11-12T15:55Z,gitolite before 1.4.1 does not filter src/ or hooks/ from path names.,9.8,NETWORK,LOW,NONE,NONE,UNCHANGED,HIGH,HIGH,HIGH
CVE-2010-2449,2019-11-07T20:15Z,2019-11-09T22:56Z,"Gource through 0.26 logs to a predictable file name (/tmp/gource-$UID.tmp), enabling attackers to overwrite an arbitrary file via a symlink attack.",6.5,NETWORK,LOW,LOW,NONE,UNCHANGED,NONE,HIGH,NONE
CVE-2010-2450,2019-11-07T21:15Z,2019-11-13T18:48Z,"The keygen.sh script in Shibboleth SP 2.0 (located in /usr/local/etc/shibboleth by default) uses OpenSSL to create a DES private key which is placed in sp-key.pm. It relies on the root umask (default 22) instead of chmoding the resulting file itself, so the generated private key is world readable by default.",7.5,NETWORK,LOW,NONE,NONE,UNCHANGED,HIGH,NONE,NONE
CVE-2010-2471,2019-11-06T18:15Z,2021-04-28T20:07Z,Drupal versions 5.x and 6.x has open redirection,6.1,NETWORK,LOW,NONE,REQUIRED,CHANGED,LOW,LOW,NONE
CVE-2010-2472,2019-11-07T19:15Z,2019-11-13T16:14Z,"Locale module and dependent contributed modules in Drupal 6.x before 6.16 and 5.x before version 5.22 do not sanitize the display of language codes, native and English language names properly which could allow an attacker to perform a cross-site scripting (XSS) attack. This vulnerability is mitigated by the fact that an attacker must have a role with the 'administer languages' permission.",4.8,NETWORK,LOW,HIGH,REQUIRED,CHANGED,LOW,LOW,NONE
CVE-2010-2473,2019-11-07T19:15Z,2019-11-13T15:04Z,Drupal 6.x before 6.16 and 5.x before version 5.22 does not properly block users under certain circumstances. A user with an open session that was blocked could maintain their session on the Drupal site despite being blocked.,6.5,NETWORK,LOW,LOW,NONE,UNCHANGED,NONE,HIGH,NONE
CVE-2010-2476,2019-11-07T21:15Z,2019-11-12T15:54Z,syscp 1.4.2.1 allows attackers to add arbitrary paths via the documentroot of a domain by appending a colon to it and setting the open basedir path to use that domain documentroot.,9.8,NETWORK,LOW,NONE,NONE,UNCHANGED,HIGH,HIGH,HIGH
CVE-2010-2488,2019-11-12T20:15Z,2019-11-14T19:49Z,NULL pointer dereference vulnerability in ZNC before 0.092 caused by traffic stats when there are unauthenticated connections.,7.5,NETWORK,LOW,NONE,NONE,UNCHANGED,NONE,NONE,HIGH
CVE-2010-2490,2019-10-31T16:15Z,2019-11-06T20:22Z,Mumble: murmur-server has DoS due to malformed client query,6.5,NETWORK,LOW,LOW,NONE,UNCHANGED,NONE,NONE,HIGH
CVE-2010-2492,2010-09-08T20:00Z,2020-08-13T19:33Z,Buffer overflow in the ecryptfs_uid_hash macro in fs/ecryptfs/messaging.c in the eCryptfs subsystem in the Linux kernel before 2.6.35 might allow local users to gain privileges or cause a denial of service (system crash) via unspecified vectors.,7.8,LOCAL,LOW,LOW,NONE,UNCHANGED,HIGH,HIGH,HIGH
CVE-2010-2496,2021-10-18T13:15Z,2021-10-21T22:49Z,"stonith-ng in pacemaker and cluster-glue passed passwords as commandline parameters, making it possible for local attackers to gain access to passwords of the HA stack and potentially influence its operations. This is fixed in cluster-glue 1.0.6 and newer, and pacemaker 1.1.3 and newer.",5.5,LOCAL,LOW,LOW,NONE,UNCHANGED,HIGH,NONE,NONE
CVE-2010-2524,2010-09-08T20:00Z,2020-08-14T15:59Z,"The DNS resolution functionality in the CIFS implementation in the Linux kernel before 2.6.35, when CONFIG_CIFS_DFS_UPCALL is enabled, relies on a user's keyring for the dns_resolver upcall in the cifs.upcall userspace helper, which allows local users to spoof the results of DNS queries and perform arbitrary CIFS mounts via vectors involving an add_key call, related to a ""cache stuffing"" issue and MS-DFS referrals.",7.8,LOCAL,LOW,LOW,NONE,UNCHANGED,HIGH,HIGH,HIGH
CVE-2010-2525,2021-06-22T12:15Z,2021-06-28T17:26Z,A flaw was discovered in gfs2 file system’s handling of acls (access control lists). An unprivileged local attacker could exploit this flaw to gain access or execute any file stored in the gfs2 file system.,7.8,LOCAL,LOW,LOW,NONE,UNCHANGED,HIGH,HIGH,HIGH
CVE-2010-2537,2010-09-30T15:00Z,2020-08-13T20:38Z,The btrfs_ioctl_clone function in fs/btrfs/ioctl.c in the Linux kernel before 2.6.35 allows local users to overwrite an append-only file via a (1) BTRFS_IOC_CLONE or (2) BTRFS_IOC_CLONE_RANGE ioctl call that specifies this file as a donor.,7.1,LOCAL,LOW,LOW,NONE,UNCHANGED,NONE,HIGH,HIGH
CVE-2010-2538,2010-09-30T15:00Z,2020-08-13T20:28Z,Integer overflow in the btrfs_ioctl_clone function in fs/btrfs/ioctl.c in the Linux kernel before 2.6.35 might allow local users to obtain sensitive information via a BTRFS_IOC_CLONE_RANGE ioctl call.,5.5,LOCAL,LOW,LOW,NONE,UNCHANGED,HIGH,NONE,NONE
CVE-2010-2548,2019-10-31T21:15Z,2019-11-04T19:50Z,"IcedTea6 before 1.7.4 does not properly check property access, which allows unsigned apps to read and write arbitrary files.",9.1,NETWORK,LOW,NONE,NONE,UNCHANGED,HIGH,HIGH,NONE
CVE-2010-2783,2019-10-31T21:15Z,2019-11-04T19:45Z,"IcedTea6 before 1.7.4 allow unsigned apps to read and write arbitrary files, related to Extended JNLP Services.",9.1,NETWORK,LOW,NONE,NONE,UNCHANGED,HIGH,HIGH,NONE
CVE-2010-2798,2010-09-08T20:00Z,2020-08-14T16:03Z,"The gfs2_dirent_find_space function in fs/gfs2/dir.c in the Linux kernel before 2.6.35 uses an incorrect size value in calculations associated with sentinel directory entries, which allows local users to cause a denial of service (NULL pointer dereference and panic) and possibly have unspecified other impact by renaming a file in a GFS2 filesystem, related to the gfs2_rename function in fs/gfs2/ops_inode.c.",7.8,LOCAL,LOW,LOW,NONE,UNCHANGED,HIGH,HIGH,HIGH
CVE-2010-2942,2010-09-21T18:00Z,2020-08-11T14:39Z,"The actions implementation in the network queueing functionality in the Linux kernel before 2.6.36-rc2 does not properly initialize certain structure members when performing dump operations, which allows local users to obtain potentially sensitive information from kernel memory via vectors related to (1) the tcf_gact_dump function in net/sched/act_gact.c, (2) the tcf_mirred_dump function in net/sched/act_mirred.c, (3) the tcf_nat_dump function in net/sched/act_nat.c, (4) the tcf_simp_dump function in net/sched/act_simple.c, and (5) the tcf_skbedit_dump function in net/sched/act_skbedit.c.",5.5,LOCAL,LOW,LOW,NONE,UNCHANGED,HIGH,NONE,NONE
CVE-2010-2943,2010-09-30T15:00Z,2020-08-10T16:09Z,"The xfs implementation in the Linux kernel before 2.6.35 does not look up inode allocation btrees before reading inode buffers, which allows remote authenticated users to read unlinked files, or read or overwrite disk blocks that are currently assigned to an active file but were previously assigned to an unlinked file, by accessing a stale NFS filehandle.",8.1,NETWORK,LOW,LOW,NONE,UNCHANGED,HIGH,HIGH,NONE
CVE-2010-2960,2010-09-08T20:00Z,2020-08-11T14:27Z,"The keyctl_session_to_parent function in security/keys/keyctl.c in the Linux kernel 2.6.35.4 and earlier expects that a certain parent session keyring exists, which allows local users to cause a denial of service (NULL pointer dereference and system crash) or possibly have unspecified other impact via a KEYCTL_SESSION_TO_PARENT argument to the keyctl function.",7.8,LOCAL,LOW,LOW,NONE,UNCHANGED,HIGH,HIGH,HIGH
CVE-2010-3048,2020-01-16T18:15Z,2020-01-24T16:03Z,"Cisco Unified Personal Communicator 7.0 (1.13056) does not free allocated memory for received data and does not perform validation if memory allocation is successful, causing a remote denial of service condition.",7.5,NETWORK,LOW,NONE,NONE,UNCHANGED,NONE,NONE,HIGH
CVE-2010-3049,2017-09-25T17:29Z,2017-10-03T18:11Z,Cisco IOS before 12.2(33)SXI allows local users to cause a denial of service (device reboot).,5.5,LOCAL,LOW,LOW,NONE,UNCHANGED,NONE,NONE,HIGH
CVE-2010-3050,2017-09-25T17:29Z,2017-10-03T17:50Z,Cisco IOS before 12.2(33)SXI allows remote authenticated users to cause a denial of service (device reboot).,6.5,NETWORK,LOW,LOW,NONE,UNCHANGED,NONE,NONE,HIGH
CVE-2010-3078,2010-09-21T18:00Z,2020-08-11T14:45Z,"The xfs_ioc_fsgetxattr function in fs/xfs/linux-2.6/xfs_ioctl.c in the Linux kernel before 2.6.36-rc4 does not initialize a certain structure member, which allows local users to obtain potentially sensitive information from kernel stack memory via an ioctl call.",5.5,LOCAL,LOW,LOW,NONE,UNCHANGED,HIGH,NONE,NONE
CVE-2010-3079,2010-09-30T15:00Z,2020-08-13T20:30Z,"kernel/trace/ftrace.c in the Linux kernel before 2.6.35.5, when debugfs is enabled, does not properly handle interaction between mutex possession and llseek operations, which allows local users to cause a denial of service (NULL pointer dereference and outage of all function tracing files) via an lseek call on a file descriptor associated with the set_ftrace_filter file.",5.5,LOCAL,LOW,LOW,NONE,UNCHANGED,NONE,NONE,HIGH
CVE-2010-3081,2010-09-24T20:00Z,2020-08-11T14:43Z,"The compat_alloc_user_space functions in include/asm/compat.h files in the Linux kernel before 2.6.36-rc4-git2 on 64-bit platforms do not properly allocate the userspace memory required for the 32-bit compatibility layer, which allows local users to gain privileges by leveraging the ability of the compat_mc_getsockopt function (aka the MCAST_MSFILTER getsockopt support) to control a certain length value, related to a ""stack pointer underflow"" issue, as exploited in the wild in September 2010.",7.8,LOCAL,LOW,LOW,NONE,UNCHANGED,HIGH,HIGH,HIGH
CVE-2010-3095,2019-11-12T21:15Z,2019-11-15T02:54Z,mailscanner before 4.79.11-2.1 might allow local users to overwrite arbitrary files via a symlink attack on certain temporary files. NOTE: this issue exists because of an incomplete fix for CVE-2008-5313.,4.7,LOCAL,HIGH,LOW,NONE,UNCHANGED,NONE,HIGH,NONE
CVE-2010-3282,2020-01-09T21:15Z,2020-01-29T15:27Z,"389 Directory Server before 1.2.7.1 (aka Red Hat Directory Server 8.2) and HP-UX Directory Server before B.08.10.03, when audit logging is enabled, logs the Directory Manager password (nsslapd-rootpw) in cleartext when changing cn=config:nsslapd-rootpw, which might allow local users to obtain sensitive information by reading the log.",3.3,LOCAL,LOW,LOW,NONE,UNCHANGED,LOW,NONE,NONE
CVE-2010-3292,2019-11-12T21:15Z,2019-11-15T02:34Z,"The update{_bad,}_phishing_sites scripts in mailscanner 4.79.11-2 downloads files and trusts them without using encryption (e.g., https) or digital signature checking which could allow an attacker to replace certain configuration files (e.g., phishing whitelist) via dns/packet spoofing.",5.5,LOCAL,LOW,LOW,NONE,UNCHANGED,NONE,NONE,HIGH
CVE-2010-3293,2019-10-28T15:15Z,2019-10-30T19:10Z,mailscanner can allow local users to prevent virus signatures from being updated,5.5,LOCAL,LOW,LOW,NONE,UNCHANGED,NONE,HIGH,NONE
CVE-2010-3299,2019-11-12T21:15Z,2019-11-15T02:32Z,The encrypt/decrypt functions in Ruby on Rails 2.3 are vulnerable to padding oracle attacks.,6.5,NETWORK,LOW,NONE,REQUIRED,UNCHANGED,HIGH,NONE,NONE
CVE-2010-3300,2021-06-22T12:15Z,2021-06-25T17:38Z,It was found that all OWASP ESAPI for Java up to version 2.0 RC2 are vulnerable to padding oracle attacks.,5.9,NETWORK,HIGH,NONE,NONE,UNCHANGED,HIGH,NONE,NONE
CVE-2010-3305,2019-11-12T22:15Z,2019-11-14T16:20Z,Cross-site request forgery (CSRF) vulnerability in pixelpost 1.7.3 could allow remote attackers to change the admin password.,8.8,NETWORK,LOW,NONE,REQUIRED,UNCHANGED,HIGH,HIGH,HIGH
CVE-2010-3359,2019-11-12T19:15Z,2020-08-18T15:05Z,"If LD_LIBRARY_PATH is undefined in gargoyle-free before 2009-08-25, the variable will point to the current directory. This can allow a local user to trick another user into running gargoyle in a directory with a cracked libgarglk.so and gain access to the user's account.",4.8,LOCAL,LOW,LOW,REQUIRED,UNCHANGED,LOW,LOW,LOW
CVE-2010-3373,2019-10-29T19:15Z,2019-11-01T15:49Z,paxtest handles temporary files insecurely,5.5,LOCAL,LOW,LOW,NONE,UNCHANGED,NONE,HIGH,NONE
CVE-2010-3375,2019-10-29T19:15Z,2019-11-01T18:23Z,qtparted has insecure library loading which may allow arbitrary code execution,9.8,NETWORK,LOW,NONE,NONE,UNCHANGED,HIGH,HIGH,HIGH
CVE-2010-3416,2010-09-16T21:00Z,2020-08-04T19:11Z,"Google Chrome before 6.0.472.59 on Linux does not properly implement the Khmer locale, which allows remote attackers to cause a denial of service (memory corruption) or possibly have unspecified other impact via unknown vectors.",9.8,NETWORK,LOW,NONE,NONE,UNCHANGED,HIGH,HIGH,HIGH
CVE-2010-3438,2019-11-12T20:15Z,2019-11-15T03:21Z,"libpoe-component-irc-perl before v6.32 does not remove carriage returns and line feeds. This can be used to execute arbitrary IRC commands by passing an argument such as ""some text\rQUIT"" to the 'privmsg' handler, which would cause the client to disconnect from the server.",9.8,NETWORK,LOW,NONE,NONE,UNCHANGED,HIGH,HIGH,HIGH
CVE-2010-3439,2019-11-12T20:15Z,2019-11-14T19:57Z,It is possible to cause a DoS condition by causing the server to crash in alien-arena 7.33 by supplying various invalid parameters to the download command.,6.5,NETWORK,LOW,LOW,NONE,UNCHANGED,NONE,NONE,HIGH
CVE-2010-3440,2019-11-12T22:15Z,2019-11-14T16:57Z,"babiloo 2.0.9 before 2.0.11 creates temporary files with predictable names when downloading and unpacking dictionary files, allowing a local attacker to overwrite arbitrary files.",5.5,LOCAL,LOW,NONE,REQUIRED,UNCHANGED,NONE,HIGH,NONE
CVE-2010-3659,2017-10-20T18:29Z,2017-11-07T20:14Z,"Multiple cross-site scripting (XSS) vulnerabilities in TYPO3 CMS 4.1.x before 4.1.14, 4.2.x before 4.2.13, 4.3.x before 4.3.4, and 4.4.x before 4.4.1 allow remote authenticated backend users to inject arbitrary web script or HTML via unspecified parameters to the extension manager, or unspecified parameters to unknown backend forms.",5.4,NETWORK,LOW,LOW,REQUIRED,CHANGED,LOW,LOW,NONE
CVE-2010-3660,2019-11-01T18:15Z,2019-11-05T21:43Z,"TYPO3 before 4.1.14, 4.2.x before 4.2.13, 4.3.x before 4.3.4 and 4.4.x before 4.4.1 allows XSS on the backend.",5.4,NETWORK,LOW,LOW,REQUIRED,CHANGED,LOW,LOW,NONE
CVE-2010-3661,2019-11-01T18:15Z,2019-11-04T18:28Z,"TYPO3 before 4.1.14, 4.2.x before 4.2.13, 4.3.x before 4.3.4 and 4.4.x before 4.4.1 allows Open Redirection on the backend.",6.1,NETWORK,LOW,NONE,REQUIRED,CHANGED,LOW,LOW,NONE
CVE-2010-3662,2019-11-04T22:15Z,2019-11-05T17:48Z,"TYPO3 before 4.1.14, 4.2.x before 4.2.13, 4.3.x before 4.3.4 and 4.4.x before 4.4.1 allows SQL Injection on the backend.",8.8,NETWORK,LOW,LOW,NONE,UNCHANGED,HIGH,HIGH,HIGH
CVE-2010-3663,2019-11-04T22:15Z,2019-11-05T17:51Z,"TYPO3 before 4.1.14, 4.2.x before 4.2.13, 4.3.x before 4.3.4 and 4.4.x before 4.4.1 contains an insecure default value of the variable fileDenyPattern which could allow remote attackers to execute arbitrary code on the backend.",8.8,NETWORK,LOW,LOW,NONE,UNCHANGED,HIGH,HIGH,HIGH
CVE-2010-3664,2019-11-04T22:15Z,2019-11-05T17:33Z,"TYPO3 before 4.1.14, 4.2.x before 4.2.13, 4.3.x before 4.3.4 and 4.4.x before 4.4.1 allows Information Disclosure on the backend.",6.5,NETWORK,LOW,LOW,NONE,UNCHANGED,HIGH,NONE,NONE
CVE-2010-3665,2019-11-04T22:15Z,2019-11-05T19:30Z,"TYPO3 before 4.1.14, 4.2.x before 4.2.13, 4.3.x before 4.3.4 and 4.4.x before 4.4.1 allows XSS on the Extension Manager.",5.4,NETWORK,LOW,LOW,REQUIRED,CHANGED,LOW,LOW,NONE
CVE-2010-3666,2019-11-04T22:15Z,2019-11-05T20:01Z,"TYPO3 before 4.1.14, 4.2.x before 4.2.13, 4.3.x before 4.3.4 and 4.4.x before 4.4.1 contains insecure randomness in the uniqid function.",5.3,NETWORK,LOW,NONE,NONE,UNCHANGED,LOW,NONE,NONE
CVE-2010-3667,2019-11-04T22:15Z,2019-11-05T17:10Z,"TYPO3 before 4.1.14, 4.2.x before 4.2.13, 4.3.x before 4.3.4 and 4.4.x before 4.4.1 allows Spam Abuse in the native form content element.",5.3,NETWORK,LOW,NONE,NONE,UNCHANGED,NONE,LOW,NONE
CVE-2010-3668,2019-11-04T23:15Z,2019-11-05T18:38Z,"TYPO3 before 4.1.14, 4.2.x before 4.2.13, 4.3.x before 4.3.4 and 4.4.x before 4.4.1 allows Header Injection in the secure download feature jumpurl.",7.5,NETWORK,LOW,NONE,NONE,UNCHANGED,NONE,HIGH,NONE
CVE-2010-3669,2019-11-04T23:15Z,2019-11-07T16:28Z,"TYPO3 before 4.2.13, 4.3.x before 4.3.4 and 4.4.x before 4.4.1 allows XSS and Open Redirection in the frontend login box.",5.4,NETWORK,LOW,LOW,REQUIRED,CHANGED,LOW,LOW,NONE
CVE-2010-3670,2019-11-05T20:15Z,2019-11-08T17:42Z,"TYPO3 before 4.3.4 and 4.4.x before 4.4.1 contains insecure randomness during generation of a hash with the ""forgot password"" function.",4.8,NETWORK,HIGH,NONE,NONE,UNCHANGED,LOW,LOW,NONE
CVE-2010-3671,2019-11-05T20:15Z,2019-11-08T17:57Z,"TYPO3 before 4.1.14, 4.2.x before 4.2.13, 4.3.x before 4.3.4 and 4.4.x before 4.4.1 is open to a session fixation attack which allows remote attackers to hijack a victim's session.",6.5,NETWORK,LOW,NONE,NONE,UNCHANGED,LOW,LOW,NONE
CVE-2010-3672,2019-11-05T20:15Z,2019-11-07T15:27Z,TYPO3 before 4.3.4 and 4.4.x before 4.4.1 allows XSS in the textarea view helper in an extbase extension.,6.1,NETWORK,LOW,NONE,REQUIRED,CHANGED,LOW,LOW,NONE
CVE-2010-3673,2019-11-05T20:15Z,2019-11-07T16:28Z,"TYPO3 before 4.2.13, 4.3.x before 4.3.4 and 4.4.x before 4.4.1 allows information disclosure in the mail header of the HTML mailing API.",5.3,NETWORK,LOW,NONE,NONE,UNCHANGED,LOW,NONE,NONE
CVE-2010-3674,2019-11-05T20:15Z,2019-11-06T21:00Z,TYPO3 before 4.4.1 allows XSS in the frontend search box.,6.1,NETWORK,LOW,NONE,REQUIRED,CHANGED,LOW,LOW,NONE
CVE-2010-3729,2010-10-05T18:00Z,2020-08-03T14:59Z,"The SPDY protocol implementation in Google Chrome before 6.0.472.62 does not properly manage buffers, which might allow remote attackers to execute arbitrary code via unspecified vectors.",9.8,NETWORK,LOW,NONE,NONE,UNCHANGED,HIGH,HIGH,HIGH
CVE-2010-3730,2010-10-05T18:00Z,2020-08-03T14:59Z,"Google Chrome before 6.0.472.62 does not properly use information about the origin of a document to manage properties, which allows remote attackers to have an unspecified impact via a crafted web site, related to a ""property pollution"" issue.",8.8,NETWORK,LOW,NONE,REQUIRED,UNCHANGED,HIGH,HIGH,HIGH
CVE-2010-3782,2020-01-02T19:15Z,2020-01-14T18:53Z,obs-server before 1.7.7 allows logins by 'unconfirmed' accounts due to a bug in the REST api implementation.,8.8,NETWORK,LOW,LOW,NONE,UNCHANGED,HIGH,HIGH,HIGH
CVE-2010-3843,2021-05-28T13:15Z,2021-07-08T11:15Z,"The GTK version of ettercap uses a global settings file at /tmp/.ettercap_gtk and does not verify ownership of this file. When parsing this file for settings in gtkui_conf_read() (src/interfacesgtk/ec_gtk_conf.c), an unchecked sscanf() call allows a maliciously placed settings file to overflow a statically-sized buffer on the stack.",7.8,LOCAL,LOW,LOW,NONE,UNCHANGED,HIGH,HIGH,HIGH
CVE-2010-3844,2019-11-12T22:15Z,2020-02-26T13:35Z,An unchecked sscanf() call in ettercap before 0.7.5 allows an insecure temporary settings file to overflow a static-sized buffer on the stack.,8.8,NETWORK,LOW,NONE,REQUIRED,UNCHANGED,HIGH,HIGH,HIGH
CVE-2010-3845,2017-08-08T21:29Z,2017-08-18T11:13Z,libapache-authenhook-perl 2.00-04 stores usernames and passwords in plaintext in the vhost error log.,9.8,NETWORK,LOW,NONE,NONE,UNCHANGED,HIGH,HIGH,HIGH
CVE-2010-3857,2019-11-12T23:15Z,2019-11-14T19:30Z,JBoss BRMS before 5.1.0 has a XSS vulnerability via asset=UUID parameter.,6.1,NETWORK,LOW,NONE,REQUIRED,CHANGED,LOW,LOW,NONE
CVE-2010-3917,2020-02-06T13:15Z,2020-02-10T17:41Z,"Google Chrome before 3.0 does not properly handle XML documents, which allows remote attackers to obtain sensitive information via a crafted web site.",6.5,NETWORK,LOW,NONE,REQUIRED,UNCHANGED,HIGH,NONE,NONE
CVE-2010-4020,2010-12-02T16:22Z,2020-01-21T15:46Z,"MIT Kerberos 5 (aka krb5) 1.8.x through 1.8.3 does not reject RC4 key-derivation checksums, which might allow remote authenticated users to forge a (1) AD-SIGNEDPATH or (2) AD-KDC-ISSUED signature, and possibly gain privileges, by leveraging the small key space that results from certain one-byte stream-cipher operations.",6.3,NETWORK,LOW,LOW,NONE,UNCHANGED,LOW,LOW,LOW
CVE-2010-4038,2010-10-21T19:00Z,2020-07-31T19:24Z,"The Web Sockets implementation in Google Chrome before 7.0.517.41 does not properly handle a shutdown action, which allows remote attackers to cause a denial of service (application crash) via unspecified vectors.",7.5,NETWORK,LOW,NONE,NONE,UNCHANGED,NONE,NONE,HIGH
CVE-2010-4039,2010-10-21T19:00Z,2020-07-31T19:31Z,"Google Chrome before 7.0.517.41 on Linux does not properly set the PATH environment variable, which has unspecified impact and attack vectors.",9.8,NETWORK,LOW,NONE,NONE,UNCHANGED,HIGH,HIGH,HIGH
CVE-2010-4040,2010-10-21T19:00Z,2020-07-31T17:33Z,"Google Chrome before 7.0.517.41 does not properly handle animated GIF images, which allows remote attackers to cause a denial of service (memory corruption) or possibly have unspecified other impact via a crafted image.",7.8,LOCAL,LOW,LOW,NONE,UNCHANGED,HIGH,HIGH,HIGH
CVE-2010-4041,2010-10-21T19:00Z,2020-07-31T19:33Z,"The sandbox implementation in Google Chrome before 7.0.517.41 on Linux does not properly constrain worker processes, which might allow remote attackers to bypass intended access restrictions via unspecified vectors.",9.8,NETWORK,LOW,NONE,NONE,UNCHANGED,HIGH,HIGH,HIGH
CVE-2010-4042,2010-10-21T19:00Z,2020-07-31T19:37Z,"Google Chrome before 7.0.517.41 does not properly handle element maps, which allows remote attackers to cause a denial of service or possibly have unspecified other impact via vectors related to ""stale elements.""",9.8,NETWORK,LOW,NONE,NONE,UNCHANGED,HIGH,HIGH,HIGH
CVE-2010-4177,2019-11-12T23:15Z,2019-11-15T13:32Z,mysql-gui-tools (mysql-query-browser and mysql-admin) before 5.0r14+openSUSE-2.3 exposes the password of a user connected to the MySQL server in clear text form via the list of running processes.,5.5,LOCAL,LOW,LOW,NONE,UNCHANGED,HIGH,NONE,NONE
CVE-2010-4178,2019-11-06T19:15Z,2019-11-08T19:17Z,MySQL-GUI-tools (mysql-administrator) leaks passwords into process list after with launch of mysql text console,5.5,LOCAL,LOW,LOW,NONE,UNCHANGED,HIGH,NONE,NONE
CVE-2010-4197,2010-11-06T00:00Z,2020-07-31T17:53Z,"Use-after-free vulnerability in WebKit, as used in Google Chrome before 7.0.517.44, webkitgtk before 1.2.6, and other products, allows remote attackers to cause a denial of service or possibly have unspecified other impact via vectors involving text editing.",9.8,NETWORK,LOW,NONE,NONE,UNCHANGED,HIGH,HIGH,HIGH
CVE-2010-4198,2010-11-06T00:00Z,2020-07-31T17:53Z,"WebKit, as used in Google Chrome before 7.0.517.44, webkitgtk before 1.2.6, and other products, does not properly handle large text areas, which allows remote attackers to cause a denial of service (memory corruption) or possibly have unspecified other impact via a crafted HTML document.",8.8,NETWORK,LOW,NONE,REQUIRED,UNCHANGED,HIGH,HIGH,HIGH
CVE-2010-4199,2010-11-06T00:00Z,2020-07-31T17:54Z,"Google Chrome before 7.0.517.44 does not properly perform a cast of an unspecified variable during processing of an SVG use element, which allows remote attackers to cause a denial of service or possibly have unspecified other impact via a crafted SVG document.",8.8,NETWORK,LOW,NONE,REQUIRED,UNCHANGED,HIGH,HIGH,HIGH
CVE-2010-4201,2010-11-06T00:00Z,2020-07-31T18:21Z,Use-after-free vulnerability in Google Chrome before 7.0.517.44 allows remote attackers to cause a denial of service or possibly have unspecified other impact via vectors involving text control selections.,9.8,NETWORK,LOW,NONE,NONE,UNCHANGED,HIGH,HIGH,HIGH
CVE-2010-4202,2010-11-06T00:00Z,2020-07-31T18:25Z,Multiple integer overflows in Google Chrome before 7.0.517.44 on Linux allow remote attackers to cause a denial of service or possibly have unspecified other impact via a crafted font.,9.8,NETWORK,LOW,NONE,NONE,UNCHANGED,HIGH,HIGH,HIGH
CVE-2010-4203,2010-11-06T00:00Z,2020-07-31T18:24Z,"WebM libvpx (aka the VP8 Codec SDK) before 0.9.5, as used in Google Chrome before 7.0.517.44, allows remote attackers to cause a denial of service (memory corruption) or possibly execute arbitrary code via invalid frames.",9.8,NETWORK,LOW,NONE,NONE,UNCHANGED,HIGH,HIGH,HIGH
CVE-2010-4204,2010-11-06T00:00Z,2020-07-31T18:25Z,"WebKit, as used in Google Chrome before 7.0.517.44, webkitgtk before 1.2.6, and other products, accesses a frame object after this object has been destroyed, which allows remote attackers to cause a denial of service or possibly have unspecified other impact via unknown vectors.",9.8,NETWORK,LOW,NONE,NONE,UNCHANGED,HIGH,HIGH,HIGH
CVE-2010-4205,2010-11-06T00:00Z,2020-07-31T15:26Z,"Google Chrome before 7.0.517.44 does not properly handle the data types of event objects, which allows remote attackers to cause a denial of service or possibly have unspecified other impact via unknown vectors.",9.8,NETWORK,LOW,NONE,NONE,UNCHANGED,HIGH,HIGH,HIGH
CVE-2010-4206,2010-11-06T00:00Z,2020-07-31T15:06Z,"Array index error in the FEBlend::apply function in WebCore/platform/graphics/filters/FEBlend.cpp in WebKit, as used in Google Chrome before 7.0.517.44, webkitgtk before 1.2.6, and other products, allows remote attackers to cause a denial of service and possibly execute arbitrary code via a crafted SVG document, related to effects in the application of filters.",8.8,NETWORK,LOW,NONE,REQUIRED,UNCHANGED,HIGH,HIGH,HIGH
CVE-2010-4237,2019-10-29T19:15Z,2019-10-31T01:25Z,Mercurial before 1.6.4 fails to verify the Common Name field of SSL certificates which allows remote attackers who acquire a certificate signed by a Certificate Authority to perform a man-in-the-middle attack.,5.9,NETWORK,HIGH,NONE,NONE,UNCHANGED,NONE,HIGH,NONE
CVE-2010-4239,2019-10-28T15:15Z,2019-10-29T19:59Z,Tiki Wiki CMS Groupware 5.2 has Local File Inclusion,9.8,NETWORK,LOW,NONE,NONE,UNCHANGED,HIGH,HIGH,HIGH
CVE-2010-4240,2019-10-28T15:15Z,2019-10-29T19:55Z,Tiki Wiki CMS Groupware 5.2 has XSS,6.1,NETWORK,LOW,NONE,REQUIRED,CHANGED,LOW,LOW,NONE
CVE-2010-4241,2019-10-28T15:15Z,2019-10-29T19:48Z,Tiki Wiki CMS Groupware 5.2 has CSRF,8.8,NETWORK,LOW,NONE,REQUIRED,UNCHANGED,HIGH,HIGH,HIGH
CVE-2010-4245,2019-10-28T15:15Z,2019-11-01T15:15Z,pootle 2.0.5 has XSS via 'match_names' parameter,6.1,NETWORK,LOW,NONE,REQUIRED,CHANGED,LOW,LOW,NONE
CVE-2010-4251,2011-05-26T16:55Z,2020-08-04T15:45Z,"The socket implementation in net/core/sock.c in the Linux kernel before 2.6.34 does not properly manage a backlog of received packets, which allows remote attackers to cause a denial of service (memory consumption) by sending a large amount of network traffic, as demonstrated by netperf UDP tests.",7.5,NETWORK,LOW,NONE,NONE,UNCHANGED,NONE,NONE,HIGH
CVE-2010-4264,2021-06-22T14:15Z,2021-06-25T17:14Z,It was found in vanilla forums before 2.0.10 a cross-site scripting vulnerability where a filename could contain arbitrary code to execute on the client side.,6.1,NETWORK,LOW,NONE,REQUIRED,CHANGED,LOW,LOW,NONE
CVE-2010-4266,2021-06-22T14:15Z,2021-06-25T17:10Z,It was found in vanilla forums before 2.0.10 a potential linkbait vulnerability in dispatcher.,6.1,NETWORK,LOW,NONE,REQUIRED,CHANGED,LOW,LOW,NONE
CVE-2010-4314,2017-03-11T06:59Z,2017-03-15T17:25Z,"Remote attackers can use the iPrint web-browser ActiveX plugin in Novell iPrint Client before 5.42 for Windows XP/Vista/Win7 to execute code by overflowing the ""name"" parameter.",8.8,NETWORK,LOW,NONE,REQUIRED,UNCHANGED,HIGH,HIGH,HIGH
CVE-2010-4343,2010-12-29T18:00Z,2020-08-14T16:35Z,"drivers/scsi/bfa/bfa_core.c in the Linux kernel before 2.6.35 does not initialize a certain port data structure, which allows local users to cause a denial of service (system crash) via read operations on an fc_host statistics file.",5.5,LOCAL,LOW,LOW,NONE,UNCHANGED,NONE,NONE,HIGH
CVE-2010-4532,2019-11-13T18:15Z,2020-08-18T15:05Z,"offlineimap before 6.3.2 does not check for SSL server certificate validation when ""ssl = yes"" option is specified which can allow man-in-the-middle attacks.",5.9,NETWORK,HIGH,NONE,NONE,UNCHANGED,NONE,HIGH,NONE
CVE-2010-4533,2019-11-13T19:15Z,2020-08-18T15:05Z,"offlineimap before 6.3.4 added support for SSL server certificate validation but it is still possible to use SSL v2 protocol, which is a flawed protocol with multiple security deficiencies.",9.8,NETWORK,LOW,NONE,NONE,UNCHANGED,HIGH,HIGH,HIGH
CVE-2010-4653,2019-11-13T20:15Z,2020-08-18T15:05Z,An integer overflow condition in poppler before 0.16.3 can occur when parsing CharCodes for fonts.,6.5,NETWORK,LOW,NONE,REQUIRED,UNCHANGED,NONE,NONE,HIGH
CVE-2010-4654,2019-11-13T20:15Z,2020-08-18T15:05Z,poppler before 0.16.3 has malformed commands that may cause corruption of the internal stack.,7.8,LOCAL,LOW,NONE,REQUIRED,UNCHANGED,HIGH,HIGH,HIGH
CVE-2010-4655,2011-07-18T19:55Z,2020-08-14T17:06Z,"net/core/ethtool.c in the Linux kernel before 2.6.36 does not initialize certain data structures, which allows local users to obtain potentially sensitive information from kernel heap memory by leveraging the CAP_NET_ADMIN capability for an ethtool ioctl call.",5.5,LOCAL,LOW,LOW,NONE,UNCHANGED,HIGH,NONE,NONE
CVE-2010-4656,2011-07-18T19:55Z,2020-08-03T15:16Z,"The iowarrior_write function in drivers/usb/misc/iowarrior.c in the Linux kernel before 2.6.37 does not properly allocate memory, which might allow local users to trigger a heap-based buffer overflow, and consequently cause a denial of service or gain privileges, via a long report.",7.8,LOCAL,LOW,LOW,NONE,UNCHANGED,HIGH,HIGH,HIGH
CVE-2010-4657,2019-11-13T21:15Z,2019-11-20T13:45Z,"PHP5 before 5.4.4 allows passing invalid utf-8 strings via the xmlTextWriterWriteAttribute, which are then misparsed by libxml2. This results in memory leak into the resulting output.",7.5,NETWORK,LOW,NONE,NONE,UNCHANGED,HIGH,NONE,NONE
CVE-2010-4658,2020-02-07T16:15Z,2020-02-11T19:17Z,statusnet through 2010 allows attackers to spoof syslog messages via newline injection attacks.,5.3,NETWORK,LOW,NONE,NONE,UNCHANGED,NONE,LOW,NONE
CVE-2010-4659,2019-11-20T17:15Z,2019-11-21T20:20Z,Cross-site scripting (XSS) vulnerability in statusnet through 2010 in error message contents.,6.1,NETWORK,LOW,NONE,REQUIRED,CHANGED,LOW,LOW,NONE
CVE-2010-4660,2019-11-20T16:15Z,2019-11-21T19:22Z,Unspecified vulnerability in statusnet through 2010 due to the way addslashes are used in SQL string escapes..,9.8,NETWORK,LOW,NONE,NONE,UNCHANGED,HIGH,HIGH,HIGH
CVE-2010-4661,2019-11-13T21:15Z,2019-11-18T19:30Z,udisks before 1.0.3 allows a local user to load arbitrary Linux kernel modules.,7.8,LOCAL,LOW,LOW,NONE,UNCHANGED,HIGH,HIGH,HIGH
CVE-2010-4662,2020-02-05T19:15Z,2020-02-06T13:16Z,PmWiki before 2.2.21 has XSS.,6.1,NETWORK,LOW,NONE,REQUIRED,CHANGED,LOW,LOW,NONE
CVE-2010-4664,2019-11-13T22:15Z,2019-11-18T14:44Z,"In ConsoleKit before 0.4.2, an intended security policy restriction bypass was found. This flaw allows an authenticated system user to escalate their privileges by initiating a remote VNC session.",8.8,NETWORK,LOW,LOW,NONE,UNCHANGED,HIGH,HIGH,HIGH
CVE-2010-4805,2011-05-26T16:55Z,2020-08-04T17:52Z,"The socket implementation in net/core/sock.c in the Linux kernel before 2.6.35 does not properly manage a backlog of received packets, which allows remote attackers to cause a denial of service by sending a large amount of network traffic, related to the sk_add_backlog function and the sk_rmem_alloc socket field.  NOTE: this vulnerability exists because of an incomplete fix for CVE-2010-4251.",7.5,NETWORK,LOW,NONE,NONE,UNCHANGED,NONE,NONE,HIGH
CVE-2010-4815,2020-02-05T19:15Z,2020-02-07T16:44Z,Coppermine gallery before 1.4.26 has an input validation vulnerability that allows for code execution.,9.8,NETWORK,LOW,NONE,NONE,UNCHANGED,HIGH,HIGH,HIGH
CVE-2010-4816,2021-06-22T14:15Z,2021-09-20T17:12Z,"It was found in FreeBSD 8.0, 6.3 and 4.9, and OpenBSD 4.6 that a null pointer dereference in ftpd/popen.c may lead to remote denial of service of the ftpd service.",7.5,NETWORK,LOW,NONE,NONE,UNCHANGED,NONE,NONE,HIGH
CVE-2010-4817,2019-11-13T22:15Z,2019-11-25T16:09Z,pithos before 0.3.5 allows overwrite of arbitrary files via symlinks.,5.5,LOCAL,LOW,LOW,NONE,UNCHANGED,NONE,HIGH,NONE
CVE-2010-5108,2019-11-13T23:15Z,2019-11-18T14:34Z,Trac 0.11.6 does not properly check workflow permissions before modifying a ticket. This can be exploited by an attacker to change the status and resolution of tickets without having proper permissions.,7.5,NETWORK,LOW,NONE,NONE,UNCHANGED,NONE,HIGH,NONE
CVE-2010-5304,2020-02-05T20:15Z,2020-02-07T19:45Z,A NULL pointer dereference flaw was found in the way LibVNCServer before 0.9.9 handled certain ClientCutText message. A remote attacker could use this flaw to crash the VNC server by sending a specially crafted ClientCutText message from a VNC client.,7.5,NETWORK,LOW,NONE,NONE,UNCHANGED,NONE,NONE,HIGH
CVE-2010-5305,2019-03-26T18:29Z,2020-02-10T21:19Z,"The potential exists for exposure of the product's password used to restrict unauthorized access to Rockwell PLC5/SLC5/0x/RSLogix 1785-Lx and 1747-L5x controllers. The potential exists for an unauthorized programming and configuration client to gain access to the product and allow changes to the product’s configuration or program. When applicable, upgrade product firmware to a version that includes enhanced security functionality compatible with Rockwell Automation's FactoryTalk Security services.",9.8,NETWORK,LOW,NONE,NONE,UNCHANGED,HIGH,HIGH,HIGH
CVE-2010-5321,2017-04-24T06:59Z,2020-05-11T17:11Z,"Memory leak in drivers/media/video/videobuf-core.c in the videobuf subsystem in the Linux kernel 2.6.x through 4.x allows local users to cause a denial of service (memory consumption) by leveraging /dev/video access for a series of mmap calls that require new allocations, a different vulnerability than CVE-2007-6761.  NOTE: as of 2016-06-18, this affects only 11 drivers that have not been updated to use videobuf2 instead of videobuf.",4.3,PHYSICAL,LOW,LOW,NONE,UNCHANGED,NONE,NONE,HIGH
CVE-2010-5325,2016-04-15T14:59Z,2019-12-27T16:08Z,Heap-based buffer overflow in the unhtmlify function in foomatic-rip in foomatic-filters before 4.0.6 allows remote attackers to cause a denial of service (memory corruption and crash) or possibly execute arbitrary code via a long job title.,9.8,NETWORK,LOW,NONE,NONE,UNCHANGED,HIGH,HIGH,HIGH
CVE-2010-5326,2016-05-13T10:59Z,2021-04-20T18:41Z,"The Invoker Servlet on SAP NetWeaver Application Server Java platforms, possibly before 7.3, does not require authentication, which allows remote attackers to execute arbitrary code via an HTTP or HTTPS request, as exploited in the wild in 2013 through 2016, aka a ""Detour"" attack.",10.0,NETWORK,LOW,NONE,NONE,CHANGED,HIGH,HIGH,HIGH
CVE-2010-5327,2017-01-13T19:59Z,2017-01-17T17:59Z,Liferay Portal through 6.2.10 allows remote authenticated users to execute arbitrary shell commands via a crafted Velocity template.,8.8,NETWORK,LOW,LOW,NONE,UNCHANGED,HIGH,HIGH,HIGH
CVE-2010-5328,2017-02-06T06:59Z,2017-03-29T01:59Z,"include/linux/init_task.h in the Linux kernel before 2.6.35 does not prevent signals with a process group ID of zero from reaching the swapper process, which allows local users to cause a denial of service (system crash) by leveraging access to this process group.",5.5,LOCAL,LOW,LOW,NONE,UNCHANGED,NONE,NONE,HIGH
CVE-2010-5329,2017-04-24T06:59Z,2017-04-27T01:59Z,"The video_usercopy function in drivers/media/video/v4l2-ioctl.c in the Linux kernel before 2.6.39 relies on the count value of a v4l2_ext_controls data structure to determine a kmalloc size, which might allow local users to cause a denial of service (memory consumption) via a large value.",5.5,LOCAL,LOW,LOW,NONE,UNCHANGED,NONE,NONE,HIGH
CVE-2010-5330,2019-06-11T21:29Z,2019-06-14T13:25Z,"On certain Ubiquiti devices, Command Injection exists via a GET request to stainfo.cgi (aka Show AP info) because the ifname variable is not sanitized, as demonstrated by shell metacharacters. The fixed version is v4.0.1 for 802.11 ISP products, v5.3.5 for AirMax ISP products, and v5.4.5 for AirSync firmware. For example, Nanostation5 (Air OS) is affected.",9.8,NETWORK,LOW,NONE,NONE,UNCHANGED,HIGH,HIGH,HIGH
CVE-2010-5331,2019-07-27T22:15Z,2020-02-20T17:15Z,"** DISPUTED ** In the Linux kernel before 2.6.34, a range check issue in drivers/gpu/drm/radeon/atombios.c could cause an off by one (buffer overflow) problem. NOTE: At least one Linux maintainer believes that this CVE is incorrectly assigned and should be rejected because the value is hard coded and are not user-controllable where it is used.",7.8,LOCAL,LOW,LOW,NONE,UNCHANGED,HIGH,HIGH,HIGH
CVE-2010-5332,2019-07-27T22:15Z,2020-02-18T16:44Z,"In the Linux kernel before 2.6.37, an out of bounds array access happened in drivers/net/mlx4/port.c. When searching for a free entry in either mlx4_register_vlan() or mlx4_register_mac(), and there is no free entry, the loop terminates without updating the local variable free thus causing out of array bounds access.",5.6,LOCAL,LOW,HIGH,NONE,UNCHANGED,LOW,LOW,HIGH
CVE-2010-5333,2019-09-13T16:15Z,2019-09-24T17:15Z,"The web server in Integard Pro and Home before 2.0.0.9037 and 2.2.x before 2.2.0.9037 has a buffer overflow via a long password in an administration login POST request, leading to arbitrary code execution. An SEH-overwrite buffer overflow already existed for the vulnerable software. This CVE is to track an alternate exploitation method, utilizing an EIP-overwrite buffer overflow.",9.8,NETWORK,LOW,NONE,NONE,UNCHANGED,HIGH,HIGH,HIGH
CVE-2010-5334,2019-10-11T11:15Z,2019-10-17T16:08Z,IceWarp Webclient before 10.2.1 has a directory traversal vulnerability. This can result in loss of confidential data of IceWarp Mailserver and the operating system. Input passed via a certain parameter (_c to basic/index.html) is not properly sanitised and can therefore be exploited to browse the partition where IceWarp is installed (or the whole system) and read arbitrary files.,7.5,NETWORK,LOW,NONE,NONE,UNCHANGED,HIGH,NONE,NONE
CVE-2010-5335,2019-10-11T11:15Z,2019-10-16T18:19Z,IceWarp Webclient before 10.2.1 has a directory traversal vulnerability. This can result in loss of confidential data of IceWarp Mailserver and the operating system. Input passed via a certain parameter (script to basic/minimizer/index.php) is not properly sanitised and can therefore be exploited to browse the partition where IceWarp is installed (or the whole system) and read arbitrary files.,7.5,NETWORK,LOW,NONE,NONE,UNCHANGED,HIGH,NONE,NONE
CVE-2010-5336,2019-10-11T11:15Z,2019-10-15T19:13Z,IceWarp Webclient before 10.2.1 has XSS via an HTTP POST request: admin/login.html with the parameter username is persistent in 10.2.0.,6.1,NETWORK,LOW,NONE,REQUIRED,CHANGED,LOW,LOW,NONE
CVE-2010-5337,2019-10-11T11:15Z,2019-10-15T19:20Z,IceWarp Webclient before 10.2.1 has XSS via an HTTP POST request: webmail/basic/ with the parameter _dlg[captcha][controller] is non-persistent in 10.1.3 and 10.2.0.,6.1,NETWORK,LOW,NONE,REQUIRED,CHANGED,LOW,LOW,NONE
CVE-2010-5338,2019-10-11T11:15Z,2019-10-15T19:20Z,IceWarp Webclient before 10.2.1 has XSS via an HTTP POST request: webmail/basic/ with the parameter _dlg[captcha][action] is non-persistent in 10.1.3 and 10.2.0.,6.1,NETWORK,LOW,NONE,REQUIRED,CHANGED,LOW,LOW,NONE
CVE-2010-5339,2019-10-11T11:15Z,2019-10-15T19:21Z,IceWarp Webclient before 10.2.1 has XSS via an HTTP POST request: webmail/basic/ with the parameter _dlg[captcha][uid] is non-persistent in 10.1.3 and 10.2.0.,6.1,NETWORK,LOW,NONE,REQUIRED,CHANGED,LOW,LOW,NONE
CVE-2010-5340,2019-10-11T11:15Z,2019-10-15T19:19Z,IceWarp Webclient before 10.2.1 has XSS via an HTTP POST request: webmail/ with the parameter password is non-persistent in 10.2.0.,6.1,NETWORK,LOW,NONE,REQUIRED,CHANGED,LOW,LOW,NONE
