CVE_ID,PublishTime,ModifyTime,Report,CVSSV3,AttackVector,AttackComplexity,PrivilegesRequired,UserInteraction,Scope,ConfidentialityImpact,IntegrityImpact,AvailabilityImpact
CVE-2008-1447,2008-07-08T23:41Z,2020-03-24T18:19Z,"The DNS protocol, as implemented in (1) BIND 8 and 9 before 9.5.0-P1, 9.4.2-P1, and 9.3.5-P1; (2) Microsoft DNS in Windows 2000 SP4, XP SP2 and SP3, and Server 2003 SP1 and SP2; and other implementations allow remote attackers to spoof DNS traffic via a birthday attack that uses in-bailiwick referrals to conduct cache poisoning against recursive resolvers, related to insufficient randomness of DNS transaction IDs and source ports, aka ""DNS Insufficient Socket Entropy Vulnerability"" or ""the Kaminsky bug.""",6.8,NETWORK,HIGH,NONE,NONE,CHANGED,NONE,HIGH,NONE
CVE-2008-2544,2021-05-27T13:15Z,2021-06-07T17:39Z,"Mounting /proc filesystem via chroot command silently mounts it in read-write mode. The user could bypass the chroot environment and gain write access to files, he would never have otherwise.",5.5,LOCAL,LOW,LOW,NONE,UNCHANGED,NONE,HIGH,NONE
CVE-2008-2812,2008-07-09T00:41Z,2020-08-14T15:35Z,"The Linux kernel before 2.6.25.10 does not properly perform tty operations, which allows local users to cause a denial of service (system crash) or possibly gain privileges via vectors involving NULL pointer dereference of function pointers in (1) hamradio/6pack.c, (2) hamradio/mkiss.c, (3) irda/irtty-sir.c, (4) ppp_async.c, (5) ppp_synctty.c, (6) slip.c, (7) wan/x25_asy.c, and (8) wireless/strip.c in drivers/net/.",7.8,LOCAL,LOW,LOW,NONE,UNCHANGED,HIGH,HIGH,HIGH
CVE-2008-2931,2008-07-09T18:41Z,2020-08-06T14:50Z,"The do_change_type function in fs/namespace.c in the Linux kernel before 2.6.22 does not verify that the caller has the CAP_SYS_ADMIN capability, which allows local users to gain privileges or cause a denial of service by modifying the properties of a mountpoint.",7.8,LOCAL,LOW,LOW,NONE,UNCHANGED,HIGH,HIGH,HIGH
CVE-2008-3275,2008-08-12T23:41Z,2020-08-14T15:36Z,"The (1) real_lookup and (2) __lookup_hash functions in fs/namei.c in the vfs implementation in the Linux kernel before 2.6.25.15 do not prevent creation of a child dentry for a deleted (aka S_DEAD) directory, which allows local users to cause a denial of service (""overflow"" of the UBIFS orphan area) via a series of attempted file creations within deleted directories.",5.5,LOCAL,LOW,LOW,NONE,UNCHANGED,NONE,NONE,HIGH
CVE-2008-3278,2019-11-07T23:15Z,2019-11-13T19:00Z,"frysk packages through 2008-08-05 as shipped in Red Hat Enterprise Linux 5 are built with an insecure RPATH set in the ELF header of multiple binaries in /usr/bin/f* (e.g. fcore, fcatch, fstack, fstep, ...) shipped in the package. A local attacker can exploit this vulnerability by running arbitrary code as another user.",7.8,LOCAL,LOW,LOW,NONE,UNCHANGED,HIGH,HIGH,HIGH
CVE-2008-3280,2021-05-21T20:15Z,2021-05-27T21:19Z,"It was found that various OpenID Providers (OPs) had TLS Server Certificates that used weak keys, as a result of the Debian Predictable Random Number Generator (CVE-2008-0166). In combination with the DNS Cache Poisoning issue (CVE-2008-1447) and the fact that almost all SSL/TLS implementations do not consult CRLs (currently an untracked issue), this means that it is impossible to rely on these OPs.",5.9,NETWORK,HIGH,NONE,NONE,UNCHANGED,HIGH,NONE,NONE
CVE-2008-3604,2008-08-12T19:41Z,2017-11-16T18:23Z,SQL injection vulnerability in bannerclick.php in ZeeBuddy 2.1 allows remote attackers to execute arbitrary SQL commands via the adid parameter.,9.8,NETWORK,LOW,NONE,NONE,UNCHANGED,HIGH,HIGH,HIGH
CVE-2008-5083,2019-11-08T00:15Z,2019-11-14T15:23Z,"In JON 2.1.x before 2.1.2 SP1, users can obtain unauthorized security information about private resources managed by JBoss ON.",6.5,NETWORK,LOW,LOW,NONE,UNCHANGED,HIGH,NONE,NONE
CVE-2008-7272,2019-11-08T00:15Z,2020-02-10T21:16Z,FireGPG before 0.6 handle user’s passphrase and decrypted cleartext insecurely by writing pre-encrypted cleartext and the user's passphrase to disk which may result in the compromise of secure communication or a users’s private key.,7.5,NETWORK,LOW,NONE,NONE,UNCHANGED,HIGH,NONE,NONE
CVE-2008-7273,2019-11-18T22:15Z,2019-11-20T15:56Z,A symlink issue exists in Iceweasel-firegpg before 0.6 due to insecure tempfile handling.,7.8,LOCAL,LOW,LOW,NONE,UNCHANGED,HIGH,HIGH,HIGH
CVE-2008-7291,2019-11-08T00:15Z,2020-08-18T15:05Z,gri before 2.12.18 generates temporary files in an insecure way.,9.8,NETWORK,LOW,NONE,NONE,UNCHANGED,HIGH,HIGH,HIGH
CVE-2008-7313,2017-03-31T16:59Z,2017-04-04T17:19Z,The _httpsrequest function in Snoopy allows remote attackers to execute arbitrary commands.  NOTE: this issue exists dues to an incomplete fix for CVE-2008-4796.,9.8,NETWORK,LOW,NONE,NONE,UNCHANGED,HIGH,HIGH,HIGH
CVE-2008-7314,2020-01-23T15:15Z,2020-01-27T20:52Z,mIRC before 6.35 allows attackers to cause a denial of service (crash) via a long nickname.,7.5,NETWORK,LOW,NONE,NONE,UNCHANGED,NONE,NONE,HIGH
CVE-2008-7315,2017-10-10T16:29Z,2017-11-03T17:15Z,UI-Dialog 1.09 and earlier allows remote attackers to execute arbitrary commands.,9.8,NETWORK,LOW,NONE,NONE,UNCHANGED,HIGH,HIGH,HIGH
CVE-2008-7316,2016-05-02T10:59Z,2016-05-06T00:54Z,"mm/filemap.c in the Linux kernel before 2.6.25 allows local users to cause a denial of service (infinite loop) via a writev system call that triggers an iovec of zero length, followed by a page fault for an iovec of nonzero length.",5.5,LOCAL,LOW,LOW,NONE,UNCHANGED,NONE,NONE,HIGH
CVE-2008-7319,2017-11-07T21:29Z,2017-11-29T15:49Z,"The Net::Ping::External extension through 0.15 for Perl does not properly sanitize arguments (e.g., invalid hostnames) containing shell metacharacters before use of backticks in External.pm, allowing for shell command injection and arbitrary command execution if untrusted input is used.",9.8,NETWORK,LOW,NONE,NONE,UNCHANGED,HIGH,HIGH,HIGH
CVE-2008-7320,2018-11-18T19:29Z,2018-12-17T20:02Z,"** DISPUTED ** GNOME Seahorse through 3.30 allows physically proximate attackers to read plaintext passwords by using the quickAllow dialog at an unattended workstation, if the keyring is unlocked. NOTE: this is disputed by a software maintainer because the behavior represents a design decision.",6.8,PHYSICAL,LOW,NONE,NONE,UNCHANGED,HIGH,HIGH,HIGH
CVE-2008-7321,2019-08-22T14:15Z,2019-08-23T19:44Z,The tubepress plugin before 1.6.5 for WordPress has XSS.,6.1,NETWORK,LOW,NONE,REQUIRED,CHANGED,LOW,LOW,NONE
