CVE_ID,PublishTime,ModifyTime,Report,CVSSV3,AttackVector,AttackComplexity,PrivilegesRequired,UserInteraction,Scope,ConfidentialityImpact,IntegrityImpact,AvailabilityImpact
CVE-2009-0035,2019-11-09T03:15Z,2020-11-16T20:46Z,alsa-utils 1.0.19 and later versions allows local users to overwrite arbitrary files via a symlink attack via the /usr/bin/alsa-info and /usr/bin/alsa-info.sh scripts.,5.5,LOCAL,LOW,LOW,NONE,UNCHANGED,NONE,HIGH,NONE
CVE-2009-0658,2009-02-20T19:30Z,2019-09-27T16:48Z,"Buffer overflow in Adobe Reader 9.0 and earlier, and Acrobat 9.0 and earlier, allows remote attackers to execute arbitrary code via a crafted PDF document, related to a non-JavaScript function call and possibly an embedded JBIG2 image stream, as exploited in the wild in February 2009 by Trojan.Pidief.E.",7.8,LOCAL,LOW,NONE,REQUIRED,UNCHANGED,HIGH,HIGH,HIGH
CVE-2009-0783,2009-06-05T16:00Z,2019-10-09T22:58Z,"Apache Tomcat 4.1.0 through 4.1.39, 5.5.0 through 5.5.27, and 6.0.0 through 6.0.18 permits web applications to replace an XML parser used for other web applications, which allows local users to read or modify the (1) web.xml, (2) context.xml, or (3) tld files of arbitrary web applications via a crafted application that is loaded earlier than the target application.",4.2,LOCAL,LOW,HIGH,NONE,UNCHANGED,LOW,LOW,LOW
CVE-2009-0947,2021-06-02T16:15Z,2021-06-10T16:42Z,Multiple integer overflows in the (1) cdf_read_property_info and (2) cdf_read_sat functions in file before 5.02.,9.8,NETWORK,LOW,NONE,NONE,UNCHANGED,HIGH,HIGH,HIGH
CVE-2009-0948,2021-06-02T16:15Z,2021-06-10T16:42Z,"Multiple buffer overflows in the (1) cdf_read_sat, (2) cdf_read_long_sector_chain, and (3) cdf_read_ssat function in file before 5.02.",9.8,NETWORK,LOW,NONE,NONE,UNCHANGED,HIGH,HIGH,HIGH
CVE-2009-1120,2020-01-15T18:15Z,2020-01-24T18:38Z,EMC RepliStor Server Service before ESA-09-003 has a DoASOCommand Remote Code Execution Vulnerability. The flaw exists within the DoRcvRpcCall RPC function -exposed via the rep_srv.exe process- where the vulnerability is caused by an error when the rep_srv.exe handles a specially crafted packet sent by an unauthenticated attacker.,9.8,NETWORK,LOW,NONE,NONE,UNCHANGED,HIGH,HIGH,HIGH
CVE-2009-1197,2017-10-30T16:29Z,2017-11-27T23:18Z,Apache jUDDI before 2.0 allows attackers to spoof entries in log files via vectors related to error logging of keys from uddiget.jsp.,5.3,NETWORK,LOW,NONE,NONE,UNCHANGED,NONE,LOW,NONE
CVE-2009-1198,2017-10-30T16:29Z,2017-11-17T16:33Z,Cross-site scripting (XSS) vulnerability in Apache jUDDI before 2.0 allows remote attackers to inject arbitrary web script or HTML via the dsname parameter to happyjuddi.jsp.,6.1,NETWORK,LOW,NONE,REQUIRED,CHANGED,LOW,LOW,NONE
CVE-2009-20001,2021-03-07T20:15Z,2021-03-11T21:13Z,"An issue was discovered in MantisBT before 2.24.5. It associates a unique cookie string with each user. This string is not reset upon logout (i.e., the user session is still considered valid and active), allowing an attacker who somehow gained access to a user's cookie to login as them.",8.1,NETWORK,LOW,LOW,NONE,UNCHANGED,HIGH,HIGH,NONE
CVE-2009-2197,2016-03-24T01:59Z,2017-03-24T01:59Z,"Apple Safari before 9.1 allows remote attackers to spoof the user interface via a web page that places text in a crafted context, leading to unintended use of that text within a Safari dialog.",4.3,NETWORK,LOW,NONE,REQUIRED,UNCHANGED,NONE,LOW,NONE
CVE-2009-2768,2009-08-14T15:16Z,2020-08-07T14:56Z,"The load_flat_shared_library function in fs/binfmt_flat.c in the flat subsystem in the Linux kernel before 2.6.31-rc6 allows local users to cause a denial of service (NULL pointer dereference and system crash) or possibly have unspecified other impact by executing a shared flat binary, which triggers an access of an ""uninitialized cred pointer.""",7.8,LOCAL,LOW,LOW,NONE,UNCHANGED,HIGH,HIGH,HIGH
CVE-2009-2802,2019-11-09T03:15Z,2019-11-12T21:33Z,MantisBT 1.2.x before 1.2.2 insecurely handles attachments and MIME types. Arbitrary inline attachment rendering could lead to cross-domain scripting or other browser attacks.,6.1,NETWORK,LOW,NONE,REQUIRED,CHANGED,LOW,LOW,NONE
CVE-2009-3547,2009-11-04T15:30Z,2020-08-12T15:44Z,Multiple race conditions in fs/pipe.c in the Linux kernel before 2.6.32-rc6 allow local users to cause a denial of service (NULL pointer dereference and system crash) or gain privileges by attempting to open an anonymous pipe via a /proc/*/fd/ pathname.,7.0,LOCAL,HIGH,LOW,NONE,UNCHANGED,HIGH,HIGH,HIGH
CVE-2009-3552,2019-11-09T03:15Z,2019-11-12T21:56Z,"In RHEV-M VDC 2.2.0, it was found that the SSL certificate was not verified when using the client-side Red Hat Enterprise Virtualization Manager interface (a Windows Presentation Foundation (WPF) XAML browser application) to connect to the Red Hat Enterprise Virtualization Manager. An attacker on the local network could use this flaw to conduct a man-in-the-middle attack, tricking the user into thinking they are viewing the Red Hat Enterprise Virtualization Manager when the content is actually attacker-controlled, or modifying actions a user requested Red Hat Enterprise Virtualization Manager to perform.",3.1,ADJACENT_NETWORK,HIGH,NONE,NONE,UNCHANGED,NONE,LOW,NONE
CVE-2009-3614,2019-11-09T03:15Z,2020-08-18T15:05Z,liboping 1.3.2 allows users reading arbitrary files upon the local system.,3.3,LOCAL,LOW,LOW,NONE,UNCHANGED,LOW,NONE,NONE
CVE-2009-3621,2009-10-22T16:00Z,2020-08-12T15:21Z,"net/unix/af_unix.c in the Linux kernel 2.6.31.4 and earlier allows local users to cause a denial of service (system hang) by creating an abstract-namespace AF_UNIX listening socket, performing a shutdown operation on this socket, and then performing a series of connect operations to this socket.",5.5,LOCAL,LOW,LOW,NONE,UNCHANGED,NONE,NONE,HIGH
CVE-2009-3721,2021-05-26T22:15Z,2021-06-04T15:34Z,"Multiple directory traversal and buffer overflow vulnerabilities were discovered in yTNEF, and in Evolution's TNEF parser that is derived from yTNEF. A crafted email could cause these applications to write data in arbitrary locations on the filesystem, crash, or potentially execute arbitrary code when decoding attachments.",7.8,LOCAL,LOW,NONE,REQUIRED,UNCHANGED,HIGH,HIGH,HIGH
CVE-2009-3723,2019-10-29T19:15Z,2019-11-01T15:54Z,asterisk allows calls on prohibited networks,7.5,NETWORK,LOW,NONE,NONE,UNCHANGED,NONE,HIGH,NONE
CVE-2009-3724,2020-01-15T21:15Z,2020-01-16T17:56Z,python-markdown2 before 1.0.1.14 has multiple cross-site scripting (XSS) issues.,6.1,NETWORK,LOW,NONE,REQUIRED,CHANGED,LOW,LOW,NONE
CVE-2009-3887,2019-10-29T19:15Z,2019-11-01T15:52Z,ytnef has directory traversal,9.8,NETWORK,LOW,NONE,NONE,UNCHANGED,HIGH,HIGH,HIGH
CVE-2009-4004,2009-11-20T02:30Z,2020-08-12T15:50Z,Buffer overflow in the kvm_vcpu_ioctl_x86_setup_mce function in arch/x86/kvm/x86.c in the KVM subsystem in the Linux kernel before 2.6.32-rc7 allows local users to cause a denial of service (memory corruption) or possibly gain privileges via a KVM_X86_SETUP_MCE IOCTL request that specifies a large number of Machine Check Exception (MCE) banks.,7.8,LOCAL,LOW,LOW,NONE,UNCHANGED,HIGH,HIGH,HIGH
CVE-2009-4011,2019-11-09T03:15Z,2019-11-12T17:42Z,"dtc-xen 0.5.x before 0.5.4 suffers from a race condition where an attacker could potentially get a bash access as xenXX user on the dom0, and then access a potentially reuse an already opened VPS console.",8.1,NETWORK,HIGH,NONE,NONE,UNCHANGED,HIGH,HIGH,HIGH
CVE-2009-4067,2020-02-11T19:15Z,2020-02-12T21:42Z,"Buffer overflow in the auerswald_probe function in the Auerswald Linux USB driver for the Linux kernel before 2.6.27 allows physically proximate attackers to execute arbitrary code, cause a denial of service via a crafted USB device, or take full control of the system.",6.8,PHYSICAL,LOW,NONE,NONE,UNCHANGED,HIGH,HIGH,HIGH
CVE-2009-4267,2018-02-19T16:29Z,2018-03-18T14:22Z,"The console in Apache jUDDI 3.0.0 does not properly escape line feeds, which allows remote authenticated users to spoof log entries via the numRows parameter.",6.5,NETWORK,LOW,LOW,NONE,UNCHANGED,NONE,HIGH,NONE
CVE-2009-4899,2019-10-28T15:15Z,2019-11-01T14:15Z,pixelpost 1.7.1 has SQL injection,9.8,NETWORK,LOW,NONE,NONE,UNCHANGED,HIGH,HIGH,HIGH
CVE-2009-4900,2019-10-28T15:15Z,2019-11-01T14:15Z,pixelpost 1.7.1 has XSS,6.1,NETWORK,LOW,NONE,REQUIRED,CHANGED,LOW,LOW,NONE
CVE-2009-5004,2019-11-09T04:15Z,2019-11-12T21:04Z,qpid-cpp 1.0 crashes when a large message is sent and the Digest-MD5 mechanism with a security layer is in use .,6.5,NETWORK,LOW,LOW,NONE,UNCHANGED,NONE,NONE,HIGH
CVE-2009-5025,2020-01-15T21:15Z,2020-01-23T17:41Z,A backdoor (aka BMSA-2009-07) was found in PyForum v1.0.3 where an attacker who knows a valid user email could force a password reset on behalf of that user.,7.5,NETWORK,LOW,NONE,NONE,UNCHANGED,NONE,HIGH,NONE
CVE-2009-5041,2019-10-31T16:15Z,2019-11-05T20:58Z,overkill has buffer overflow via long player names that can corrupt data on the server machine,9.8,NETWORK,LOW,NONE,NONE,UNCHANGED,HIGH,HIGH,HIGH
CVE-2009-5042,2019-10-31T16:15Z,2019-11-06T19:18Z,python-docutils allows insecure usage of temporary files,9.1,NETWORK,LOW,NONE,NONE,UNCHANGED,HIGH,HIGH,NONE
CVE-2009-5043,2019-10-31T16:15Z,2019-11-06T19:41Z,burn allows file names to escape via mishandled quotation marks,9.8,NETWORK,LOW,NONE,NONE,UNCHANGED,HIGH,HIGH,HIGH
CVE-2009-5045,2019-11-06T20:15Z,2019-11-13T14:30Z,Dump Servlet information leak in jetty before 6.1.22.,7.5,NETWORK,LOW,NONE,NONE,UNCHANGED,HIGH,NONE,NONE
CVE-2009-5046,2019-11-06T20:15Z,2019-11-13T14:31Z,JSP Dump and Session Dump Servlet XSS in jetty before 6.1.22.,6.1,NETWORK,LOW,NONE,REQUIRED,CHANGED,LOW,LOW,NONE
CVE-2009-5047,2019-11-15T16:15Z,2019-11-21T19:15Z,"Jetty 6.x through 6.1.22 suffers from an escape sequence injection vulnerability from an attack vector by means of: 1) ""Cookie Dump Servlet"" and 2) Http Content-Length header. 1) A POST request to the form at ""/test/cookie/"" with the ""Age"" parameter set to a string throws a ""java.lang.NumberFormatException"" which reflects binary characters including ESC. These characters could be used to execute arbitrary commands or buffer dumps in the terminal. 2) The attack vector in 1) can be exploited by requesting a page using an HTTP request ""Content-Length"" header set to a consonant string (string including only letters).",9.8,NETWORK,LOW,NONE,NONE,UNCHANGED,HIGH,HIGH,HIGH
CVE-2009-5048,2019-11-06T19:15Z,2019-11-07T21:52Z,Cookie Dump Servlet stored XSS vulnerability in jetty though 6.1.20.,6.1,NETWORK,LOW,NONE,REQUIRED,CHANGED,LOW,LOW,NONE
CVE-2009-5049,2019-11-06T19:15Z,2019-11-08T18:28Z,WebApp JSP Snoop page XSS in jetty though 6.1.21.,6.1,NETWORK,LOW,NONE,REQUIRED,CHANGED,LOW,LOW,NONE
CVE-2009-5050,2019-11-06T19:15Z,2019-11-08T18:08Z,konversation before 1.2.3 allows attackers to cause a denial of service.,7.5,NETWORK,LOW,NONE,NONE,UNCHANGED,NONE,NONE,HIGH
CVE-2009-5068,2020-01-15T21:15Z,2020-01-23T20:09Z,"There is a file disclosure vulnerability in SMF (Simple Machines Forum) affecting versions through v2.0.3. On some configurations a SMF deployment is shared by several ""co-admins"" that are not trusted beyond the SMF deployment. This vulnerability allows them to read arbitrary files on the filesystem and therefore gain new privileges by reading the settings.php with the database passwords.",7.2,NETWORK,LOW,HIGH,NONE,UNCHANGED,HIGH,HIGH,HIGH
CVE-2009-5078,2011-06-30T15:55Z,2016-03-30T21:36Z,"contrib/pdfmark/pdfroff.sh in GNU troff (aka groff) before 1.21 launches the Ghostscript program without the -dSAFER option, which allows remote attackers to create, overwrite, rename, or delete arbitrary files via a crafted document.",6.5,NETWORK,LOW,NONE,NONE,UNCHANGED,NONE,LOW,LOW
CVE-2009-5139,2020-02-12T14:15Z,2020-02-14T18:23Z,"The SIP implementation on the Gizmo5 software phone provides hashed credentials in a response to an invalid authentication challenge, which makes it easier for remote attackers to obtain access via a brute-force attack, related to a ""SIP Digest Leak"" issue.",7.5,NETWORK,HIGH,NONE,REQUIRED,UNCHANGED,HIGH,HIGH,HIGH
CVE-2009-5140,2020-02-12T14:15Z,2020-02-14T19:35Z,"The SIP implementation on the Linksys SPA2102 phone adapter provides hashed credentials in a response to an invalid authentication challenge, which makes it easier for remote attackers to obtain access via a brute-force attack, related to a ""SIP Digest Leak"" issue.",8.8,NETWORK,LOW,NONE,REQUIRED,UNCHANGED,HIGH,HIGH,HIGH
CVE-2009-5144,2018-02-03T15:29Z,2018-03-13T20:16Z,"mod-gnutls does not validate client certificates when ""GnuTLSClientVerify require"" is set in a directory context, which allows remote attackers to spoof clients via a crafted certificate.",7.5,NETWORK,LOW,NONE,NONE,UNCHANGED,NONE,HIGH,NONE
CVE-2009-5145,2017-08-07T17:29Z,2017-08-15T16:29Z,"Cross-site scripting (XSS) vulnerability in ZMI pages that use the manage_tabs_message in Zope 2.11.4, 2.11.2, 2.10.9, 2.10.7, 2.10.6, 2.10.5, 2.10.4, 2.10.2, 2.10.1, 2.12.",6.1,NETWORK,LOW,NONE,REQUIRED,CHANGED,LOW,LOW,NONE
CVE-2009-5147,2017-03-29T14:59Z,2018-03-28T01:29Z,"DL::dlopen in Ruby 1.8, 1.9.0, 1.9.2, 1.9.3, 2.0.0 before patchlevel 648, and 2.1 before 2.1.8 opens libraries with tainted names.",7.3,NETWORK,LOW,NONE,NONE,UNCHANGED,LOW,LOW,LOW
CVE-2009-5150,2018-05-11T19:29Z,2018-06-14T13:01Z,"Absolute Computrace Agent V80.845 and V80.866 does not have a digital signature for the configuration block, which allows attackers to set up communication with a web site other than the intended search.namequery.com site by modifying data within a disk's inter-partition space. This allows a privileged local user to execute arbitrary code even after that user loses access and all disk partitions are reformatted.",6.7,LOCAL,LOW,HIGH,NONE,UNCHANGED,HIGH,HIGH,HIGH
CVE-2009-5151,2018-05-11T19:29Z,2018-06-14T13:04Z,"The stub component of Absolute Computrace Agent V70.785 executes code from a disk's inter-partition space without requiring a digital signature for that code, which allows attackers to execute code on the BIOS. This allows a privileged local user to achieve persistent control of BIOS behavior, independent of later disk changes.",6.7,LOCAL,LOW,HIGH,NONE,UNCHANGED,HIGH,HIGH,HIGH
CVE-2009-5152,2018-05-11T19:29Z,2018-06-14T12:44Z,"Absolute Computrace Agent, as distributed on certain Dell Inspiron systems through 2009, has a race condition with the Dell Client Configuration Utility (DCCU), which allows privileged local users to change Computrace Agent's activation/deactivation status to the factory default via a crafted TaskResult.xml file.",4.1,LOCAL,HIGH,HIGH,NONE,UNCHANGED,NONE,HIGH,NONE
CVE-2009-5153,2018-11-21T15:29Z,2018-12-20T01:05Z,"In Novell NetWare before 6.5 SP8, a stack buffer overflow in processing of CALLIT RPC calls in the NFS Portmapper daemon in PKERNEL.NLM allowed remote unauthenticated attackers to execute code, because a length field was incorrectly trusted.",9.8,NETWORK,LOW,NONE,NONE,UNCHANGED,HIGH,HIGH,HIGH
CVE-2009-5154,2019-02-09T22:29Z,2019-02-13T16:10Z,An issue was discovered on MOBOTIX S14 MX-V4.2.1.61 devices. There is a default password of meinsm for the admin account.,9.8,NETWORK,LOW,NONE,NONE,UNCHANGED,HIGH,HIGH,HIGH
CVE-2009-5155,2019-02-26T02:29Z,2021-06-29T15:15Z,"In the GNU C Library (aka glibc or libc6) before 2.28, parse_reg_exp in posix/regcomp.c misparses alternatives, which allows attackers to cause a denial of service (assertion failure and application exit) or trigger an incorrect result by attempting a regular-expression match.",7.5,NETWORK,LOW,NONE,NONE,UNCHANGED,NONE,NONE,HIGH
CVE-2009-5156,2019-06-11T21:29Z,2019-06-12T13:25Z,An issue was discovered on ASMAX AR-804gu 66.34.1 devices. There is Command Injection via the cgi-bin/script query string.,9.8,NETWORK,LOW,NONE,NONE,UNCHANGED,HIGH,HIGH,HIGH
CVE-2009-5157,2019-06-11T21:29Z,2019-06-17T13:26Z,"On Linksys WAG54G2 1.00.10 devices, there is authenticated command injection via shell metacharacters in the setup.cgi c4_ping_ipaddr variable.",8.8,NETWORK,LOW,LOW,NONE,UNCHANGED,HIGH,HIGH,HIGH
CVE-2009-5158,2019-08-22T13:15Z,2019-08-26T13:42Z,The google-analyticator plugin before 5.2.1 for WordPress has insufficient HTML sanitization for Google Analytics API text.,6.1,NETWORK,LOW,NONE,REQUIRED,CHANGED,LOW,LOW,NONE
CVE-2009-5159,2020-03-13T15:15Z,2020-03-18T14:50Z,"Invision Power Board (aka IPB or IP.Board) 2.x through 3.0.4, when Internet Explorer 5 is used, allows XSS via a .txt attachment.",6.1,NETWORK,LOW,NONE,REQUIRED,CHANGED,LOW,LOW,NONE
