CVE_ID,PublishTime,ModifyTime,Report,CVSSV3,AttackVector,AttackComplexity,PrivilegesRequired,UserInteraction,Scope,ConfidentialityImpact,IntegrityImpact,AvailabilityImpact
CVE-2004-0847,2004-11-03T05:00Z,2018-10-12T21:35Z,"The Microsoft .NET forms authentication capability for ASP.NET allows remote attackers to bypass authentication for .aspx files in restricted directories via a request containing a (1) ""\"" (backslash) or (2) ""%5C"" (encoded backslash), aka ""Path Validation Vulnerability.""",9.8,NETWORK,LOW,NONE,NONE,UNCHANGED,HIGH,HIGH,HIGH
CVE-2004-1865,2004-03-26T05:00Z,2020-12-08T19:00Z,"Cross-site scripting (XSS) vulnerability in the administration panel in bBlog 0.7.2 allows remote authenticated users with superuser privileges to inject arbitrary web script or HTML via a blog name ($blogname).  NOTE: if administrators are normally allowed to add HTML by other means, e.g. through Smarty templates, then this issue would not give any additional privileges, and thus would not be considered a vulnerability.",4.8,NETWORK,LOW,HIGH,REQUIRED,CHANGED,LOW,LOW,NONE
CVE-2004-2776,2019-12-31T20:15Z,2020-01-14T19:31Z,go.cgi in GoScript 2.0 allows remote attackers to execute arbitrary commands via shell metacharacters in the (1) query string or (2) artarchive parameter.,9.8,NETWORK,LOW,NONE,NONE,UNCHANGED,HIGH,HIGH,HIGH
CVE-2004-2778,2017-06-27T20:29Z,2017-07-05T18:40Z,"Ebuild in Gentoo may change directory and file permissions depending on the order of installed packages, which allows local users to read or write to restricted directories or execute restricted commands via navigating to the affected directories, or executing the affected commands.",7.1,LOCAL,LOW,LOW,NONE,UNCHANGED,HIGH,HIGH,NONE
CVE-2004-2779,2018-02-20T21:29Z,2018-03-19T16:15Z,"id3_utf16_deserialize() in utf16.c in libid3tag through 0.15.1b misparses ID3v2 tags encoded in UTF-16 with an odd number of bytes, triggering an endless loop allocating memory until an OOM condition is reached, leading to denial-of-service (DoS).",7.5,NETWORK,LOW,NONE,NONE,UNCHANGED,NONE,NONE,HIGH
