CVE_ID,PublishTime,ModifyTime,Report,CVSSV3,AttackVector,AttackComplexity,PrivilegesRequired,UserInteraction,Scope,ConfidentialityImpact,IntegrityImpact,AvailabilityImpact
CVE-2007-0158,2019-12-27T18:15Z,2020-01-08T19:02Z,thttpd 2007 has buffer underflow.,9.8,NETWORK,LOW,NONE,NONE,UNCHANGED,HIGH,HIGH,HIGH
CVE-2007-0899,2019-11-06T04:15Z,2020-08-18T15:05Z,There is a possible heap overflow in libclamav/fsg.c before 0.100.0.,9.8,NETWORK,LOW,NONE,NONE,UNCHANGED,HIGH,HIGH,HIGH
CVE-2007-2479,2007-05-03T00:19Z,2017-07-29T01:31Z,"Cerulean Studios Trillian Pro before 3.1.5.1 allows remote attackers to obtain potentially sensitive information via long CTCP PING messages that contain UTF-8 characters, which generates a malformed response that is not truncated by a newline, which can cause portions of a server message to be sent to the attacker.",5.9,NETWORK,HIGH,NONE,NONE,UNCHANGED,HIGH,NONE,NONE
CVE-2007-3732,2019-11-07T22:15Z,2019-11-12T15:18Z,"In Linux 2.6 before 2.6.23, the TRACE_IRQS_ON function in iret_exc calls a C function without ensuring that the segments are set properly. The kernel's %fs needs to be restored before the call in TRACE_IRQS_ON and before enabling interrupts, so that ""current"" references work. Without this, ""current"" used in the window between iret_exc and the middle of error_code where %fs is reset, would crash.",5.5,LOCAL,LOW,LOW,NONE,UNCHANGED,NONE,NONE,HIGH
CVE-2007-3915,2019-11-07T22:15Z,2019-11-08T22:20Z,Mondo 2.24 has insecure handling of temporary files.,9.1,NETWORK,LOW,NONE,NONE,UNCHANGED,HIGH,HIGH,NONE
CVE-2007-4773,2020-01-15T17:15Z,2020-01-23T14:12Z,Systrace before 1.6.0 has insufficient escape policy enforcement.,9.8,NETWORK,LOW,NONE,NONE,UNCHANGED,HIGH,HIGH,HIGH
CVE-2007-4774,2020-01-15T17:15Z,2020-02-04T12:15Z,"The Linux kernel before 2.4.36-rc1 has a race condition. It was possible to bypass systrace policies by flooding the ptraced process with SIGCONT signals, which can can wake up a PTRACED process.",5.9,NETWORK,HIGH,NONE,NONE,UNCHANGED,NONE,HIGH,NONE
CVE-2007-5199,2017-08-18T20:29Z,2020-07-30T12:46Z,A single byte overflow in catalogue.c in X.Org libXfont 1.3.1 allows remote attackers to have unspecified impact.,9.8,NETWORK,LOW,NONE,NONE,UNCHANGED,HIGH,HIGH,HIGH
CVE-2007-5341,2017-08-18T20:29Z,2017-08-29T14:36Z,Remote code execution in the Venkman script debugger in Mozilla Firefox before 2.0.0.8.,9.8,NETWORK,LOW,NONE,NONE,UNCHANGED,HIGH,HIGH,HIGH
CVE-2007-5743,2019-11-07T22:15Z,2020-08-18T15:05Z,"viewvc 1.0.3 allows improper access control to files in a repository when using the ""forbidden"" configuration option.",7.5,NETWORK,LOW,NONE,NONE,UNCHANGED,HIGH,NONE,NONE
CVE-2007-5967,2021-05-17T12:15Z,2021-05-26T16:29Z,A flaw in Mozilla's embedded certificate code might allow web sites to install root certificates on devices without user approval.,6.5,NETWORK,LOW,NONE,REQUIRED,UNCHANGED,NONE,HIGH,NONE
CVE-2007-6716,2008-09-04T17:41Z,2020-08-14T15:40Z,"fs/direct-io.c in the dio subsystem in the Linux kernel before 2.6.23 does not properly zero out the dio struct, which allows local users to cause a denial of service (OOPS), as demonstrated by a certain fio test.",5.5,LOCAL,LOW,LOW,NONE,UNCHANGED,NONE,NONE,HIGH
CVE-2007-6745,2019-11-07T23:15Z,2020-08-18T15:05Z,clamav 0.91.2 suffers from a floating point exception when using ScanOLE2.,9.8,NETWORK,LOW,NONE,NONE,UNCHANGED,HIGH,HIGH,HIGH
CVE-2007-6758,2020-01-23T16:15Z,2021-01-28T13:36Z,Server-side request forgery (SSRF) vulnerability in feed-proxy.php in extjs 5.0.0.,7.5,NETWORK,LOW,NONE,NONE,UNCHANGED,HIGH,NONE,NONE
CVE-2007-6759,2017-04-07T21:59Z,2017-04-13T19:37Z,"Dataprobe iBootBar (with 2007-09-20 and possibly later released firmware) allows remote attackers to bypass authentication, and conduct power-cycle attacks on connected devices, via a DCRABBIT cookie.",9.8,NETWORK,LOW,NONE,NONE,UNCHANGED,HIGH,HIGH,HIGH
CVE-2007-6760,2017-04-07T21:59Z,2017-04-13T19:38Z,"Dataprobe iBootBar (with 2007-09-20 and possibly later beta firmware) allows remote attackers to bypass authentication, and conduct power-cycle attacks on connected devices, via a DCCOOKIE cookie.",9.8,NETWORK,LOW,NONE,NONE,UNCHANGED,HIGH,HIGH,HIGH
CVE-2007-6761,2017-04-24T06:59Z,2017-04-27T19:13Z,"drivers/media/video/videobuf-vmalloc.c in the Linux kernel before 2.6.24 does not initialize videobuf_mapping data structures, which allows local users to trigger an incorrect count value and videobuf leak via unspecified vectors, a different vulnerability than CVE-2010-5321.",7.8,LOCAL,LOW,LOW,NONE,UNCHANGED,HIGH,HIGH,HIGH
CVE-2007-6762,2019-07-27T22:15Z,2019-09-27T18:15Z,"In the Linux kernel before 2.6.20, there is an off-by-one bug in net/netlabel/netlabel_cipso_v4.c where it is possible to overflow the doi_def->tags[] array.",9.8,NETWORK,LOW,NONE,NONE,UNCHANGED,HIGH,HIGH,HIGH
CVE-2007-6763,2019-07-31T18:15Z,2019-08-12T02:35Z,"SAS Drug Development (SDD) before 32DRG02 mishandles logout actions, which allows a user (who was previously logged in) to access resources by pressing a back or forward button in a web browser.",8.8,NETWORK,LOW,LOW,NONE,UNCHANGED,HIGH,HIGH,HIGH
